Frame,Time,Ball_X,Ball_Y,Ball_GridID,Ball_xT,Home_P1_X,Home_P1_Y,Home_P1_GridID,Home_P1_xT,Home_P2_X,Home_P2_Y,Home_P2_GridID,Home_P2_xT,Home_P3_X,Home_P3_Y,Home_P3_GridID,Home_P3_xT,Home_P4_X,Home_P4_Y,Home_P4_GridID,Home_P4_xT,Home_P5_X,Home_P5_Y,Home_P5_GridID,Home_P5_xT,Home_P6_X,Home_P6_Y,Home_P6_GridID,Home_P6_xT,Home_P7_X,Home_P7_Y,Home_P7_GridID,Home_P7_xT,Home_P8_X,Home_P8_Y,Home_P8_GridID,Home_P8_xT,Home_P9_X,Home_P9_Y,Home_P9_GridID,Home_P9_xT,Home_P10_X,Home_P10_Y,Home_P10_GridID,Home_P10_xT,Home_P11_X,Home_P11_Y,Home_P11_GridID,Home_P11_xT,Away_P1_X,Away_P1_Y,Away_P1_GridID,Away_P1_xT,Away_P2_X,Away_P2_Y,Away_P2_GridID,Away_P2_xT,Away_P3_X,Away_P3_Y,Away_P3_GridID,Away_P3_xT,Away_P4_X,Away_P4_Y,Away_P4_GridID,Away_P4_xT,Away_P5_X,Away_P5_Y,Away_P5_GridID,Away_P5_xT,Away_P6_X,Away_P6_Y,Away_P6_GridID,Away_P6_xT,Away_P7_X,Away_P7_Y,Away_P7_GridID,Away_P7_xT,Away_P8_X,Away_P8_Y,Away_P8_GridID,Away_P8_xT,Away_P9_X,Away_P9_Y,Away_P9_GridID,Away_P9_xT,Away_P10_X,Away_P10_Y,Away_P10_GridID,Away_P10_xT,Away_P11_X,Away_P11_Y,Away_P11_GridID,Away_P11_xT,Home_MAX_xT,Home_SUM_xT,Away_MAX_xT,Away_SUM_xT
1,0.1,0.65457,1.04574,7104,0.0068,0.13581,0.59382,4215,0.00273,0.42114,0.64559,4560,0.00604,0.36076,0.60735,4343,0.00402,0.35905,0.85794,6128,0.00408,0.68057,0.67691,4902,0.01835,0.61657,0.48897,3530,0.01522,0.43571,0.33647,2356,0.00778,0.48733,0.97794,6982,0.00382,0.57352,0.91368,6571,0.00716,0.49495,0.87118,6247,0.00808,0.62009,0.78691,5631,0.01083,0.65943,0.41,2905,0.00441,0.60038,0.86529,6154,0.00473,0.38952,0.5275,3716,0.01253,0.61171,0.64676,4580,0.00539,0.91219,0.62721,4506,0.00162,0.39533,0.81956,5817,0.01015,0.47314,0.96147,6875,0.00613,0.62619,1.07544,7101,0.00378,0.75619,0.86279,6170,0.00212,0.52771,0.42309,2996,0.0075,0.72762,0.57191,4067,0.00365,0.01835,0.08811,0.01253,0.06201
2,0.2,0.65305,1.04559,7104,0.0068,0.13533,0.59397,4215,0.00273,0.42086,0.64765,4665,0.0052,0.36019,0.60971,4343,0.00402,0.35886,0.85882,6128,0.00408,0.68019,0.67882,4902,0.01835,0.61629,0.49206,3530,0.01522,0.43438,0.33941,2461,0.00686,0.484,0.9775,6981,0.00484,0.57162,0.91559,6571,0.00716,0.49438,0.87191,6247,0.00808,0.61981,0.79162,5631,0.01083,0.65905,0.41059,2905,0.00441,0.60019,0.86721,6154,0.00473,0.38914,0.52882,3716,0.01253,0.61171,0.64706,4685,0.00602,0.91229,0.62868,4506,0.00162,0.39476,0.82074,5817,0.01015,0.47114,0.96191,6875,0.00613,0.62514,1.07544,7101,0.00378,0.75581,0.86618,6170,0.00212,0.52686,0.42368,2996,0.0075,0.72781,0.57324,4067,0.00365,0.01835,0.08737,0.01253,0.06264
3,0.3,0.65152,1.04515,7104,0.0068,0.13505,0.59427,4215,0.00273,0.42067,0.64956,4665,0.0052,0.35981,0.61221,4343,0.00402,0.35867,0.85971,6128,0.00408,0.67962,0.68074,4902,0.01835,0.61581,0.49529,3530,0.01522,0.43314,0.34265,2461,0.00686,0.48086,0.97706,6981,0.00484,0.56962,0.91765,6570,0.00731,0.4939,0.8725,6247,0.00808,0.61952,0.79632,5736,0.0146,0.65857,0.41132,2905,0.00441,0.5999,0.86912,6258,0.00377,0.38867,0.53015,3821,0.01179,0.61181,0.64735,4685,0.00602,0.91219,0.63029,4506,0.00162,0.39419,0.82206,5817,0.01015,0.46914,0.96235,6875,0.00613,0.62409,1.07544,7101,0.00378,0.75552,0.86956,6275,0.00202,0.526,0.42426,2996,0.0075,0.7279,0.57456,4172,0.00626,0.01835,0.09129,0.01179,0.06345
4,0.4,0.65029,1.04426,7104,0.0068,0.13467,0.59441,4215,0.00273,0.42038,0.65147,4665,0.0052,0.35962,0.61471,4343,0.00402,0.35857,0.86074,6128,0.00408,0.67914,0.68279,4902,0.01835,0.61543,0.49853,3530,0.01522,0.4321,0.34574,2461,0.00686,0.47762,0.97676,6981,0.00484,0.56771,0.91971,6570,0.00731,0.49333,0.87324,6247,0.00808,0.61924,0.80103,5736,0.0146,0.65819,0.41191,3010,0.00495,0.59962,0.87118,6258,0.00377,0.3881,0.53132,3821,0.01179,0.6119,0.64794,4685,0.00602,0.9121,0.63206,4506,0.00162,0.39371,0.82338,5817,0.01015,0.46733,0.96279,6875,0.00613,0.62314,1.07544,7101,0.00378,0.75524,0.87294,6275,0.00202,0.52524,0.425,2996,0.0075,0.7281,0.57603,4172,0.00626,0.01835,0.09129,0.01179,0.06399
5,0.5,0.64905,1.04353,7104,0.0068,0.13419,0.59471,4215,0.00273,0.4201,0.65353,4665,0.0052,0.35943,0.61721,4343,0.00402,0.35848,0.86162,6128,0.00408,0.67867,0.68456,4902,0.01835,0.61505,0.50162,3635,0.01036,0.43105,0.34897,2461,0.00686,0.47448,0.97647,6980,0.00507,0.5659,0.92176,6570,0.00731,0.49276,0.87382,6247,0.00808,0.61895,0.80544,5735,0.01138,0.65781,0.4125,3010,0.00495,0.59933,0.87309,6258,0.00377,0.38771,0.5325,3821,0.01179,0.6119,0.64838,4685,0.00602,0.912,0.63338,4611,0.0017,0.39314,0.82456,5922,0.01951,0.46552,0.96324,6874,0.01012,0.62229,1.07515,7101,0.00378,0.75495,0.87618,6275,0.00202,0.52448,0.42559,2996,0.0075,0.72829,0.57721,4172,0.00626,0.01835,0.08344,0.01951,0.07742
6,0.6,0.6479,1.0425,7104,0.0068,0.13381,0.595,4215,0.00273,0.41981,0.65544,4665,0.0052,0.35924,0.61971,4448,0.00495,0.35838,0.8625,6128,0.00408,0.67819,0.68632,4902,0.01835,0.61476,0.50471,3635,0.01036,0.4299,0.35235,2461,0.00686,0.47143,0.97618,6980,0.00507,0.5641,0.92353,6570,0.00731,0.49219,0.87426,6247,0.00808,0.61867,0.80971,5840,0.01131,0.65752,0.41309,3010,0.00495,0.59905,0.875,6258,0.00377,0.38724,0.53368,3821,0.01179,0.6119,0.64897,4685,0.00602,0.9119,0.63471,4611,0.0017,0.39257,0.82588,5922,0.01951,0.46371,0.96368,6874,0.01012,0.62133,1.07471,7101,0.00378,0.75476,0.87956,6275,0.00202,0.52371,0.42603,2995,0.00755,0.72848,0.57853,4172,0.00626,0.01835,0.0843,0.01951,0.07747
7,0.7,0.64695,1.04147,7103,0.01172,0.13333,0.59529,4214,0.00192,0.41962,0.6575,4665,0.0052,0.35914,0.62221,4448,0.00495,0.35819,0.86338,6128,0.00408,0.67771,0.68809,4902,0.01835,0.61438,0.50779,3635,0.01036,0.42886,0.35559,2566,0.0066,0.46838,0.97603,6980,0.00507,0.56238,0.92544,6570,0.00731,0.49152,0.87485,6247,0.00808,0.61829,0.81382,5840,0.01131,0.65714,0.41368,3010,0.00495,0.59867,0.87706,6258,0.00377,0.38686,0.535,3821,0.01179,0.6119,0.64956,4685,0.00602,0.91181,0.63603,4611,0.0017,0.392,0.82706,5922,0.01951,0.4621,0.96397,6874,0.01012,0.62038,1.07441,7101,0.00378,0.75448,0.88265,6380,0.00231,0.52305,0.42662,3100,0.00722,0.72867,0.57971,4172,0.00626,0.01835,0.08323,0.01951,0.07743
8,0.8,0.646,1.04029,7103,0.01172,0.13295,0.59559,4214,0.00192,0.41943,0.65956,4665,0.0052,0.35895,0.62471,4448,0.00495,0.35819,0.86426,6128,0.00408,0.67724,0.68985,4902,0.01835,0.61409,0.51088,3635,0.01036,0.42771,0.35882,2565,0.00604,0.46552,0.97574,6979,0.00778,0.56067,0.92721,6674,0.00569,0.49095,0.87529,6247,0.00808,0.618,0.81779,5840,0.01131,0.65676,0.41426,3009,0.00412,0.59838,0.87897,6258,0.00377,0.38648,0.53618,3821,0.01179,0.6119,0.65015,4685,0.00602,0.91171,0.63735,4611,0.0017,0.39143,0.82838,5922,0.01951,0.46048,0.96441,6874,0.01012,0.61952,1.07397,7101,0.00378,0.75429,0.88588,6380,0.00231,0.52229,0.42735,3100,0.00722,0.72886,0.58103,4172,0.00626,0.01835,0.08376,0.01951,0.0766
9,0.9,0.64524,1.03912,7103,0.01172,0.13267,0.59588,4214,0.00192,0.41933,0.66162,4665,0.0052,0.35895,0.62721,4448,0.00495,0.3581,0.865,6128,0.00408,0.67667,0.69147,5007,0.01288,0.61381,0.51397,3635,0.01036,0.42667,0.36221,2565,0.00604,0.46267,0.97544,6979,0.00778,0.55905,0.92882,6674,0.00569,0.49029,0.87559,6247,0.00808,0.61762,0.82162,5840,0.01131,0.65638,0.41471,3009,0.00412,0.598,0.88088,6258,0.00377,0.3861,0.5375,3821,0.01179,0.6119,0.65088,4685,0.00602,0.91162,0.63853,4611,0.0017,0.39086,0.82971,5922,0.01951,0.45886,0.96485,6874,0.01012,0.61867,1.07338,7100,0.00371,0.7541,0.88897,6380,0.00231,0.52162,0.42794,3100,0.00722,0.72905,0.58221,4172,0.00626,0.01288,0.07829,0.01951,0.07653
10,1.0,0.64457,1.03779,7103,0.01172,0.13229,0.59618,4214,0.00192,0.41924,0.66368,4770,0.00724,0.35886,0.62956,4448,0.00495,0.358,0.86574,6128,0.00408,0.67619,0.69324,5006,0.01441,0.61352,0.51706,3740,0.01253,0.42562,0.36559,2565,0.00604,0.4599,0.97515,6979,0.00778,0.55752,0.93044,6674,0.00569,0.48962,0.87603,6247,0.00808,0.61733,0.82515,5945,0.01048,0.6561,0.41529,3009,0.00412,0.59762,0.88279,6363,0.00905,0.38571,0.53868,3821,0.01179,0.6119,0.65162,4685,0.00602,0.91152,0.63971,4611,0.0017,0.39029,0.83088,5921,0.01048,0.45743,0.96515,6874,0.01012,0.61781,1.07279,7100,0.00371,0.7539,0.89206,6380,0.00231,0.52095,0.42853,3100,0.00722,0.72914,0.58353,4172,0.00626,0.01441,0.0832,0.01179,0.07278
11,1.1,0.6441,1.03662,7103,0.01172,0.132,0.59632,4214,0.00192,0.41914,0.66574,4770,0.00724,0.35886,0.63206,4448,0.00495,0.358,0.86647,6128,0.00408,0.67571,0.69485,5006,0.01441,0.61324,0.52015,3740,0.01253,0.42457,0.36897,2670,0.00658,0.45724,0.97485,6979,0.00778,0.556,0.93206,6674,0.00569,0.48895,0.87632,6247,0.00808,0.61695,0.82868,5945,0.01048,0.65571,0.41588,3009,0.00412,0.59724,0.88471,6363,0.00905,0.38543,0.53985,3821,0.01179,0.61181,0.65235,4685,0.00602,0.91143,0.64088,4611,0.0017,0.38981,0.83221,5921,0.01048,0.456,0.96559,6873,0.00639,0.61695,1.07206,7100,0.00371,0.75371,0.895,6380,0.00231,0.52029,0.42926,3100,0.00722,0.72933,0.58471,4172,0.00626,0.01441,0.08374,0.01179,0.06905
12,1.2,0.64362,1.03515,7103,0.01172,0.13162,0.59662,4214,0.00192,0.41914,0.66779,4770,0.00724,0.35895,0.63441,4553,0.00669,0.358,0.86721,6128,0.00408,0.67524,0.69632,5006,0.01441,0.61305,0.52309,3740,0.01253,0.42352,0.37221,2670,0.00658,0.45457,0.97456,6978,0.00487,0.55457,0.93353,6674,0.00569,0.48838,0.87662,6247,0.00808,0.61657,0.83206,5945,0.01048,0.65543,0.41647,3009,0.00412,0.59676,0.88647,6363,0.00905,0.38514,0.54118,3821,0.01179,0.61171,0.65324,4685,0.00602,0.91143,0.64191,4611,0.0017,0.38924,0.83353,5921,0.01048,0.45467,0.96588,6873,0.00639,0.61609,1.07132,7100,0.00371,0.75362,0.89779,6485,0.00228,0.51971,0.42985,3100,0.00722,0.72952,0.58603,4172,0.00626,0.01441,0.08257,0.01179,0.06902
13,1.3,0.64333,1.03382,7103,0.01172,0.13143,0.59691,4214,0.00192,0.41914,0.66985,4770,0.00724,0.35905,0.63676,4553,0.00669,0.3581,0.86779,6233,0.00281,0.67476,0.69794,5006,0.01441,0.61286,0.52618,3740,0.01253,0.42257,0.37559,2670,0.00658,0.4521,0.97426,6978,0.00487,0.55324,0.935,6674,0.00569,0.48771,0.87676,6247,0.00808,0.61619,0.83529,5945,0.01048,0.65514,0.41691,3009,0.00412,0.59638,0.88838,6363,0.00905,0.38486,0.54235,3821,0.01179,0.61162,0.65397,4685,0.00602,0.91133,0.64294,4611,0.0017,0.38876,0.83485,5921,0.01048,0.45352,0.96632,6873,0.00639,0.61533,1.07044,7100,0.00371,0.75343,0.90059,6485,0.00228,0.51905,0.43059,3100,0.00722,0.72962,0.58721,4172,0.00626,0.01441,0.0813,0.01179,0.06902
14,1.4,0.64314,1.0325,7103,0.01172,0.13114,0.59706,4214,0.00192,0.41914,0.67191,4770,0.00724,0.35914,0.63912,4553,0.00669,0.3581,0.86838,6233,0.00281,0.67429,0.69941,5006,0.01441,0.61267,0.52926,3740,0.01253,0.42152,0.37897,2670,0.00658,0.44962,0.97397,6978,0.00487,0.552,0.93632,6673,0.00534,0.48705,0.87691,6247,0.00808,0.6159,0.83838,6050,0.00874,0.65486,0.41735,3009,0.00412,0.596,0.89015,6363,0.00905,0.38457,0.54353,3821,0.01179,0.61162,0.65485,4685,0.00602,0.91133,0.64397,4611,0.0017,0.38829,0.83603,5921,0.01048,0.45229,0.96662,6873,0.00639,0.61457,1.06956,7100,0.00371,0.75333,0.90338,6485,0.00228,0.51857,0.43118,3100,0.00722,0.72981,0.58853,4277,0.00441,0.01441,0.07921,0.01179,0.06717
15,1.5,0.64314,1.03103,7103,0.01172,0.13095,0.59721,4214,0.00192,0.41924,0.67397,4770,0.00724,0.35933,0.64147,4553,0.00669,0.35819,0.86882,6233,0.00281,0.67381,0.70088,5006,0.01441,0.61248,0.53221,3845,0.01179,0.42067,0.38235,2775,0.00656,0.44724,0.97368,6977,0.00515,0.55086,0.93765,6673,0.00534,0.48648,0.87706,6247,0.00808,0.61552,0.84132,6050,0.00874,0.65467,0.41794,3009,0.00412,0.59562,0.89191,6363,0.00905,0.38438,0.54471,3926,0.01091,0.61152,0.65574,4685,0.00602,0.91124,0.645,4611,0.0017,0.38781,0.83735,5921,0.01048,0.45124,0.96691,6873,0.00639,0.61381,1.06853,7100,0.00371,0.75324,0.90588,6485,0.00228,0.518,0.43191,3100,0.00722,0.7299,0.58971,4277,0.00441,0.01441,0.07873,0.01091,0.06629
16,1.6,0.64324,1.02956,7103,0.01172,0.13076,0.5975,4214,0.00192,0.41943,0.67603,4770,0.00724,0.35962,0.64368,4553,0.00669,0.35838,0.86926,6233,0.00281,0.67333,0.70235,5006,0.01441,0.61238,0.53529,3845,0.01179,0.41971,0.38574,2775,0.00656,0.44505,0.97324,6977,0.00515,0.54981,0.93882,6673,0.00534,0.48581,0.87706,6247,0.00808,0.61524,0.84426,6050,0.00874,0.65438,0.41824,3009,0.00412,0.59514,0.89353,6363,0.00905,0.38429,0.54588,3926,0.01091,0.61143,0.65662,4685,0.00602,0.91124,0.64588,4611,0.0017,0.38743,0.83853,6026,0.00874,0.45029,0.96706,6873,0.00639,0.61314,1.0675,7100,0.00371,0.75314,0.90853,6485,0.00228,0.51752,0.43265,3100,0.00722,0.7301,0.59088,4277,0.00441,0.01441,0.07873,0.01091,0.06455
17,1.7,0.64343,1.02824,7103,0.01172,0.13057,0.59765,4214,0.00192,0.41962,0.67809,4875,0.00606,0.3599,0.64588,4553,0.00669,0.35857,0.86971,6233,0.00281,0.67286,0.70368,5006,0.01441,0.61219,0.53824,3845,0.01179,0.41886,0.38912,2774,0.00635,0.44286,0.97294,6977,0.00515,0.54886,0.94,6673,0.00534,0.48524,0.87706,6246,0.00611,0.61495,0.84691,6050,0.00874,0.65429,0.41868,3009,0.00412,0.59476,0.89529,6363,0.00905,0.3841,0.54706,3926,0.01091,0.61133,0.6575,4685,0.00602,0.91124,0.64676,4611,0.0017,0.38705,0.83985,6026,0.00874,0.44943,0.96735,6873,0.00639,0.61248,1.06632,7100,0.00371,0.75305,0.91088,6485,0.00228,0.51705,0.43324,3100,0.00722,0.73029,0.59221,4277,0.00441,0.01441,0.07537,0.01091,0.06455
18,1.8,0.64381,1.02676,7103,0.01172,0.13048,0.59765,4214,0.00192,0.4199,0.68,4875,0.00606,0.36019,0.64809,4658,0.00458,0.35876,0.87015,6233,0.00281,0.67248,0.705,5006,0.01441,0.61219,0.54118,3845,0.01179,0.418,0.39235,2774,0.00635,0.44076,0.9725,6977,0.00515,0.5479,0.94118,6673,0.00534,0.48467,0.87706,6246,0.00611,0.61467,0.84956,6050,0.00874,0.6541,0.41912,3009,0.00412,0.59438,0.89691,6363,0.00905,0.384,0.54809,3926,0.01091,0.61124,0.65838,4685,0.00602,0.91124,0.64765,4716,0.00225,0.38667,0.84103,6026,0.00874,0.44857,0.96765,6873,0.00639,0.61181,1.06515,7100,0.00371,0.75295,0.91324,6590,0.00289,0.51667,0.43382,3100,0.00722,0.73038,0.59338,4277,0.00441,0.01441,0.07326,0.01091,0.06571
19,1.9,0.64429,1.02529,7103,0.01172,0.13038,0.59779,4214,0.00192,0.42019,0.68206,4875,0.00606,0.36057,0.65015,4658,0.00458,0.35895,0.87044,6233,0.00281,0.672,0.70632,5111,0.01522,0.61209,0.54412,3950,0.01091,0.41724,0.39559,2774,0.00635,0.43876,0.97221,6977,0.00515,0.54714,0.94221,6778,0.00621,0.48419,0.87691,6246,0.00611,0.61438,0.85206,6050,0.00874,0.654,0.41941,3009,0.00412,0.594,0.89853,6468,0.00527,0.384,0.54926,3926,0.01091,0.61114,0.65941,4685,0.00602,0.91124,0.64838,4716,0.00225,0.38629,0.84221,6026,0.00874,0.4479,0.96779,6873,0.00639,0.61124,1.06397,7100,0.00371,0.75295,0.91544,6590,0.00289,0.51619,0.43456,3100,0.00722,0.73057,0.59456,4277,0.00441,0.01522,0.07406,0.01091,0.06193
20,2.0,0.64486,1.02382,7103,0.01172,0.13038,0.59794,4214,0.00192,0.42057,0.68412,4875,0.00606,0.36095,0.65235,4658,0.00458,0.35924,0.87059,6233,0.00281,0.67162,0.7075,5111,0.01522,0.61209,0.54691,3950,0.01091,0.41648,0.39897,2879,0.00563,0.43686,0.97176,6976,0.00322,0.54648,0.94324,6778,0.00621,0.48362,0.87676,6246,0.00611,0.61419,0.85441,6155,0.00895,0.6539,0.41971,3009,0.00412,0.59362,0.9,6468,0.00527,0.3839,0.55029,3926,0.01091,0.61105,0.66029,4685,0.00602,0.91124,0.64912,4716,0.00225,0.386,0.84338,6026,0.00874,0.44724,0.96794,6872,0.00868,0.61067,1.06265,7100,0.00371,0.75286,0.91765,6590,0.00289,0.51581,0.43515,3100,0.00722,0.73076,0.59588,4277,0.00441,0.01522,0.07162,0.01091,0.06422
21,2.1,0.64562,1.02235,7103,0.01172,0.13029,0.59794,4214,0.00192,0.42095,0.68603,4875,0.00606,0.36143,0.65426,4658,0.00458,0.35962,0.87088,6233,0.00281,0.67124,0.70868,5111,0.01522,0.61209,0.54985,3950,0.01091,0.41571,0.40221,2879,0.00563,0.43505,0.97132,6976,0.00322,0.546,0.94412,6778,0.00621,0.48314,0.87662,6246,0.00611,0.614,0.85676,6155,0.00895,0.65381,0.41985,3009,0.00412,0.59333,0.90162,6468,0.00527,0.384,0.55132,3926,0.01091,0.61095,0.66132,4685,0.00602,0.91133,0.64985,4716,0.00225,0.38581,0.84456,6026,0.00874,0.44676,0.96809,6872,0.00868,0.6101,1.06132,7100,0.00371,0.75286,0.91956,6590,0.00289,0.51552,0.43574,3100,0.00722,0.73095,0.59706,4277,0.00441,0.01522,0.07162,0.01091,0.06422
22,2.2,0.64648,1.02074,7103,0.01172,0.13029,0.59794,4214,0.00192,0.42143,0.68809,4875,0.00606,0.3619,0.65618,4659,0.00449,0.36,0.87103,6233,0.00281,0.67095,0.70985,5111,0.01522,0.61219,0.55265,3950,0.01091,0.41505,0.40529,2879,0.00563,0.43333,0.97088,6976,0.00322,0.54552,0.945,6778,0.00621,0.48276,0.87632,6246,0.00611,0.6139,0.85882,6155,0.00895,0.65381,0.42,3009,0.00412,0.59295,0.90309,6468,0.00527,0.384,0.55235,3926,0.01091,0.61086,0.66221,4790,0.0052,0.91133,0.65044,4716,0.00225,0.38552,0.84574,6026,0.00874,0.44629,0.96824,6872,0.00868,0.60962,1.05985,7100,0.00371,0.75286,0.92162,6590,0.00289,0.51514,0.43618,3100,0.00722,0.73114,0.59823,4277,0.00441,0.01522,0.07153,0.01091,0.0634
23,2.3,0.64743,1.01927,7103,0.01172,0.13038,0.59794,4214,0.00192,0.422,0.69,4875,0.00606,0.36248,0.65809,4659,0.00449,0.36038,0.87103,6233,0.00281,0.67057,0.71088,5111,0.01522,0.61229,0.55529,3950,0.01091,0.41448,0.40853,2879,0.00563,0.43162,0.97044,6871,0.0037,0.54524,0.94574,6778,0.00621,0.48238,0.87603,6246,0.00611,0.61381,0.86088,6155,0.00895,0.65381,0.42015,3009,0.00412,0.59267,0.90456,6468,0.00527,0.3841,0.55338,3926,0.01091,0.61086,0.66309,4790,0.0052,0.91143,0.65103,4716,0.00225,0.38543,0.84691,6026,0.00874,0.4459,0.96824,6872,0.00868,0.60914,1.05838,7099,0.00348,0.75295,0.92338,6590,0.00289,0.51486,0.43676,3100,0.00722,0.73143,0.59941,4277,0.00441,0.01522,0.07201,0.01091,0.06317
24,2.4,0.64857,1.01765,7104,0.0068,0.13038,0.59794,4214,0.00192,0.42257,0.69191,4980,0.00497,0.36305,0.66,4659,0.00449,0.36086,0.87118,6233,0.00281,0.67029,0.71191,5111,0.01522,0.61238,0.55809,3950,0.01091,0.4139,0.41162,2879,0.00563,0.4301,0.97,6871,0.0037,0.54495,0.94647,6778,0.00621,0.482,0.87574,6246,0.00611,0.61371,0.86294,6155,0.00895,0.6539,0.42015,3009,0.00412,0.59238,0.90588,6468,0.00527,0.38429,0.55441,3926,0.01091,0.61076,0.66412,4790,0.0052,0.91152,0.65147,4716,0.00225,0.38524,0.84794,6026,0.00874,0.44562,0.96838,6872,0.00868,0.60876,1.05691,7099,0.00348,0.75295,0.92515,6590,0.00289,0.51467,0.43721,3100,0.00722,0.73162,0.60044,4277,0.00441,0.01522,0.07092,0.01091,0.06317
25,2.5,0.6499,1.01603,7104,0.0068,0.13048,0.59779,4214,0.00192,0.42324,0.69382,4980,0.00497,0.36362,0.66176,4764,0.00534,0.36133,0.87118,6233,0.00281,0.67,0.71294,5111,0.01522,0.61257,0.56059,4055,0.00902,0.41343,0.41456,2984,0.00463,0.42867,0.96941,6871,0.0037,0.54486,0.94721,6778,0.00621,0.48171,0.87529,6246,0.00611,0.61371,0.86471,6155,0.00895,0.654,0.42015,3009,0.00412,0.59219,0.90735,6468,0.00527,0.38438,0.55529,3926,0.01091,0.61076,0.665,4790,0.0052,0.91162,0.65206,4716,0.00225,0.38514,0.84912,6026,0.00874,0.44543,0.96838,6872,0.00868,0.60838,1.05529,7099,0.00348,0.75305,0.92676,6695,0.00186,0.51438,0.43765,3100,0.00722,0.7319,0.60162,4277,0.00441,0.01522,0.06888,0.01091,0.06214
26,2.6,0.65133,1.01441,7104,0.0068,0.13067,0.59779,4214,0.00192,0.424,0.69574,4980,0.00497,0.36429,0.66338,4764,0.00534,0.3619,0.87103,6234,0.00435,0.66981,0.71382,5111,0.01522,0.61276,0.56309,4055,0.00902,0.41295,0.4175,2984,0.00463,0.42724,0.96897,6870,0.00415,0.54495,0.94794,6778,0.00621,0.48143,0.87485,6246,0.00611,0.61381,0.86647,6155,0.00895,0.6541,0.42,3009,0.00412,0.592,0.90868,6468,0.00527,0.38457,0.55618,3926,0.01091,0.61067,0.66588,4790,0.0052,0.91171,0.65235,4716,0.00225,0.38505,0.85015,6026,0.00874,0.44524,0.96838,6872,0.00868,0.608,1.05382,7099,0.00348,0.75314,0.92838,6695,0.00186,0.51419,0.43809,3099,0.0084,0.73219,0.60265,4277,0.00441,0.01522,0.07087,0.01091,0.06332
27,2.7,0.65286,1.01279,7104,0.0068,0.13076,0.59765,4214,0.00192,0.42476,0.69765,4980,0.00497,0.36495,0.665,4764,0.00534,0.36248,0.87088,6234,0.00435,0.66962,0.71471,5111,0.01522,0.61305,0.56559,4055,0.00902,0.41248,0.42044,2984,0.00463,0.426,0.96838,6870,0.00415,0.54505,0.94853,6778,0.00621,0.48124,0.87441,6246,0.00611,0.614,0.86824,6260,0.00874,0.65429,0.41985,3009,0.00412,0.59181,0.91,6468,0.00527,0.38486,0.55706,3926,0.01091,0.61067,0.66676,4790,0.0052,0.91181,0.65279,4716,0.00225,0.38505,0.85132,6026,0.00874,0.44524,0.96838,6872,0.00868,0.60762,1.05221,7099,0.00348,0.75324,0.92985,6695,0.00186,0.514,0.43838,3099,0.0084,0.73248,0.60368,4382,0.00349,0.01522,0.07066,0.01091,0.0624
28,2.8,0.65448,1.01103,7104,0.0068,0.13095,0.59735,4214,0.00192,0.42562,0.69956,4980,0.00497,0.36562,0.66662,4764,0.00534,0.36305,0.87074,6234,0.00435,0.66943,0.71544,5111,0.01522,0.61324,0.56794,4055,0.00902,0.4121,0.42324,2984,0.00463,0.42476,0.96794,6870,0.00415,0.54533,0.94897,6778,0.00621,0.48105,0.87397,6246,0.00611,0.61419,0.86971,6260,0.00874,0.65448,0.41971,3009,0.00412,0.59171,0.91118,6468,0.00527,0.38505,0.55779,3926,0.01091,0.61067,0.66765,4790,0.0052,0.9119,0.65309,4716,0.00225,0.38505,0.85235,6026,0.00874,0.44524,0.96824,6872,0.00868,0.60733,1.05059,7099,0.00348,0.75333,0.93132,6695,0.00186,0.51381,0.43868,3099,0.0084,0.73276,0.60471,4382,0.00349,0.01522,0.07066,0.01091,0.0624
29,2.9,0.65629,1.00912,7104,0.0068,0.13124,0.59721,4214,0.00192,0.42657,0.70132,4980,0.00497,0.36638,0.66809,4764,0.00534,0.36371,0.87059,6234,0.00435,0.66933,0.71618,5111,0.01522,0.61362,0.57015,4055,0.00902,0.41181,0.42603,2984,0.00463,0.42362,0.96735,6870,0.00415,0.54571,0.94956,6778,0.00621,0.48095,0.87338,6246,0.00611,0.61438,0.87132,6260,0.00874,0.65476,0.41941,3009,0.00412,0.59171,0.9125,6573,0.00412,0.38533,0.55868,3926,0.01091,0.61076,0.66853,4790,0.0052,0.912,0.65324,4716,0.00225,0.38514,0.85338,6131,0.00895,0.44533,0.96824,6872,0.00868,0.60705,1.04882,7099,0.00348,0.75352,0.93265,6695,0.00186,0.51362,0.43897,3099,0.0084,0.73314,0.60574,4382,0.00349,0.01522,0.07066,0.01091,0.06146
30,3.0,0.65829,1.00721,7105,0.00814,0.13143,0.59691,4214,0.00192,0.42752,0.70309,4980,0.00497,0.36705,0.66941,4764,0.00534,0.36438,0.87044,6234,0.00435,0.66924,0.71691,5111,0.01522,0.614,0.57235,4055,0.00902,0.41152,0.42882,3089,0.00571,0.42257,0.96691,6870,0.00415,0.54619,0.95,6778,0.00621,0.48086,0.87294,6246,0.00611,0.61476,0.87265,6260,0.00874,0.65505,0.41897,3009,0.00412,0.59171,0.91368,6573,0.00412,0.38571,0.55941,4031,0.00902,0.61076,0.66941,4790,0.0052,0.9121,0.65353,4716,0.00225,0.38524,0.85441,6131,0.00895,0.44543,0.96809,6872,0.00868,0.60676,1.04721,7099,0.00348,0.75362,0.93382,6695,0.00186,0.51343,0.43926,3099,0.0084,0.73352,0.60662,4383,0.00313,0.01522,0.07174,0.00902,0.05921
31,3.1,0.66038,1.00529,7105,0.00814,0.13171,0.59662,4214,0.00192,0.42867,0.705,4981,0.00555,0.36781,0.67074,4764,0.00534,0.36505,0.87015,6234,0.00435,0.66924,0.7175,5111,0.01522,0.61438,0.57441,4160,0.01138,0.41124,0.43132,3089,0.00571,0.42162,0.96632,6870,0.00415,0.54686,0.95044,6778,0.00621,0.48086,0.87235,6246,0.00611,0.61524,0.87397,6260,0.00874,0.65543,0.41853,3009,0.00412,0.59171,0.91485,6573,0.00412,0.386,0.56029,4031,0.00902,0.61086,0.67015,4790,0.0052,0.91229,0.65353,4716,0.00225,0.38533,0.85529,6131,0.00895,0.44562,0.96794,6872,0.00868,0.60657,1.04544,7099,0.00348,0.75381,0.935,6695,0.00186,0.51333,0.43941,3099,0.0084,0.734,0.6075,4383,0.00313,0.01522,0.07468,0.00902,0.05921
32,3.2,0.66257,1.00338,7105,0.00814,0.1319,0.59632,4214,0.00192,0.42981,0.70676,5086,0.00604,0.36857,0.67206,4764,0.00534,0.36581,0.86985,6234,0.00435,0.66933,0.71809,5111,0.01522,0.61495,0.57632,4160,0.01138,0.41105,0.43397,3089,0.00571,0.42067,0.96574,6870,0.00415,0.54762,0.95088,6778,0.00621,0.48086,0.87176,6246,0.00611,0.61571,0.87529,6260,0.00874,0.65581,0.41809,3009,0.00412,0.59181,0.91603,6573,0.00412,0.38638,0.56103,4031,0.00902,0.61105,0.67088,4790,0.0052,0.91248,0.65368,4716,0.00225,0.38552,0.85618,6131,0.00895,0.44581,0.96779,6872,0.00868,0.60638,1.04368,7099,0.00348,0.7541,0.93603,6695,0.00186,0.51314,0.43956,3099,0.0084,0.73448,0.60838,4383,0.00313,0.01522,0.07517,0.00902,0.05921
33,3.3,0.66495,1.00088,7105,0.00814,0.13219,0.59588,4214,0.00192,0.43095,0.70838,5086,0.00604,0.36943,0.67324,4764,0.00534,0.36667,0.86941,6234,0.00435,0.66943,0.71853,5111,0.01522,0.61543,0.57809,4160,0.01138,0.41095,0.43632,3089,0.00571,0.4199,0.96515,6870,0.00415,0.54848,0.95118,6778,0.00621,0.48095,0.87118,6246,0.00611,0.61629,0.87647,6260,0.00874,0.65619,0.41735,3009,0.00412,0.592,0.91706,6573,0.00412,0.38686,0.56176,4031,0.00902,0.61114,0.67176,4790,0.0052,0.91267,0.65368,4716,0.00225,0.38571,0.85721,6131,0.00895,0.4461,0.96765,6872,0.00868,0.60629,1.04191,7099,0.00348,0.75429,0.93706,6695,0.00186,0.51305,0.43956,3099,0.0084,0.73495,0.60912,4383,0.00313,0.01522,0.07517,0.00902,0.05921
34,3.4,0.66752,0.99853,7106,0.00918,0.13248,0.59559,4214,0.00192,0.43229,0.71015,5086,0.00604,0.37019,0.67441,4764,0.00534,0.36752,0.86912,6234,0.00435,0.66962,0.71897,5111,0.01522,0.61609,0.57971,4160,0.01138,0.41076,0.43868,3089,0.00571,0.41914,0.96441,6870,0.00415,0.54943,0.95147,6778,0.00621,0.48114,0.87059,6246,0.00611,0.61705,0.8775,6260,0.00874,0.65667,0.41676,3009,0.00412,0.59219,0.91809,6573,0.00412,0.38724,0.56235,4031,0.00902,0.61133,0.67235,4790,0.0052,0.91295,0.65368,4716,0.00225,0.3859,0.85794,6131,0.00895,0.44648,0.96735,6872,0.00868,0.60619,1.04,7099,0.00348,0.75457,0.93794,6695,0.00186,0.51295,0.43956,3099,0.0084,0.73543,0.60985,4383,0.00313,0.01522,0.07517,0.00902,0.05921
35,3.5,0.67029,0.99588,7106,0.00918,0.13267,0.595,4214,0.00192,0.43362,0.71176,5086,0.00604,0.37105,0.67544,4764,0.00534,0.36838,0.86868,6234,0.00435,0.66981,0.71941,5111,0.01522,0.61676,0.58118,4160,0.01138,0.41076,0.44088,3089,0.00571,0.41848,0.96382,6869,0.00407,0.55048,0.95176,6778,0.00621,0.48133,0.86985,6246,0.00611,0.61781,0.87853,6260,0.00874,0.65714,0.41588,3010,0.00495,0.59248,0.91912,6573,0.00412,0.38771,0.56309,4031,0.00902,0.61152,0.67309,4790,0.0052,0.91324,0.65353,4716,0.00225,0.38619,0.85882,6131,0.00895,0.44676,0.96706,6872,0.00868,0.6061,1.03809,7099,0.00348,0.75486,0.93868,6695,0.00186,0.51286,0.43956,3099,0.0084,0.736,0.61044,4383,0.00313,0.01522,0.07509,0.00902,0.06004
36,3.6,0.67314,0.99324,7106,0.00918,0.13295,0.59456,4214,0.00192,0.43514,0.71353,5086,0.00604,0.3719,0.67632,4765,0.00446,0.36924,0.86809,6234,0.00435,0.67019,0.71971,5111,0.01522,0.61752,0.58265,4160,0.01138,0.41067,0.44309,3194,0.00842,0.4179,0.96309,6869,0.00407,0.55171,0.95191,6778,0.00621,0.48162,0.86926,6246,0.00611,0.61876,0.87941,6260,0.00874,0.65771,0.41515,3010,0.00495,0.59286,0.92015,6573,0.00412,0.38819,0.56368,4031,0.00902,0.61181,0.67368,4790,0.0052,0.91352,0.65338,4716,0.00225,0.38648,0.85956,6131,0.00895,0.44714,0.96676,6872,0.00868,0.6061,1.03618,7099,0.00348,0.75514,0.93941,6695,0.00186,0.51276,0.43941,3099,0.0084,0.73657,0.61103,4383,0.00313,0.01522,0.07692,0.00902,0.06004
37,3.7,0.67629,0.99044,7107,0.01097,0.13314,0.59397,4214,0.00192,0.43667,0.715,5086,0.00604,0.37276,0.67721,4870,0.00478,0.37019,0.8675,6129,0.00366,0.67057,0.72,5111,0.01522,0.61829,0.58397,4160,0.01138,0.41067,0.445,3194,0.00842,0.41733,0.96221,6869,0.00407,0.55305,0.95206,6779,0.00668,0.4819,0.86853,6246,0.00611,0.61981,0.88029,6261,0.00991,0.65838,0.41412,3010,0.00495,0.59324,0.92103,6573,0.00412,0.38876,0.56441,4031,0.00902,0.61209,0.67426,4790,0.0052,0.9139,0.65324,4716,0.00225,0.38676,0.86015,6131,0.00895,0.44752,0.96632,6872,0.00868,0.6061,1.03412,7099,0.00348,0.75552,0.94015,6695,0.00186,0.51267,0.43912,3099,0.0084,0.73724,0.61147,4383,0.00313,0.01522,0.07819,0.00902,0.06004
38,3.8,0.67952,0.9875,7107,0.01097,0.13333,0.59338,4214,0.00192,0.43829,0.71662,5087,0.00609,0.37362,0.67794,4870,0.00478,0.37124,0.86676,6129,0.00366,0.67105,0.72029,5111,0.01522,0.61914,0.58515,4161,0.00996,0.41067,0.44691,3194,0.00842,0.41686,0.96147,6869,0.00407,0.55448,0.95221,6779,0.00668,0.48229,0.86779,6246,0.00611,0.62095,0.88103,6261,0.00991,0.65905,0.41309,3010,0.00495,0.59371,0.92191,6573,0.00412,0.38933,0.565,4031,0.00902,0.61238,0.67471,4790,0.0052,0.91429,0.65294,4717,0.00158,0.38714,0.86074,6131,0.00895,0.4479,0.96588,6873,0.00639,0.60619,1.03206,7099,0.00348,0.75581,0.94059,6695,0.00186,0.51257,0.43882,3099,0.0084,0.7379,0.61176,4383,0.00313,0.01522,0.07682,0.00902,0.05708
39,3.9,0.68295,0.98441,7002,0.01522,0.13343,0.59265,4215,0.00273,0.4401,0.71809,5087,0.00609,0.37448,0.67853,4870,0.00478,0.37219,0.86603,6130,0.00404,0.67171,0.72044,5111,0.01522,0.62009,0.58618,4161,0.00996,0.41076,0.44868,3194,0.00842,0.41648,0.96059,6869,0.00407,0.556,0.95221,6779,0.00668,0.48267,0.86706,6141,0.00627,0.62229,0.88176,6261,0.00991,0.65971,0.41191,3010,0.00495,0.59429,0.92279,6573,0.00412,0.3899,0.56544,4031,0.00902,0.61276,0.67529,4790,0.0052,0.91467,0.65279,4717,0.00158,0.38752,0.86118,6131,0.00895,0.44838,0.96529,6873,0.00639,0.60638,1.02985,7099,0.00348,0.75629,0.94103,6695,0.00186,0.51248,0.43838,3099,0.0084,0.73857,0.61206,4383,0.00313,0.01522,0.07817,0.00902,0.05708
40,4.0,0.68648,0.98118,7003,0.00988,0.13362,0.59191,4215,0.00273,0.4419,0.71956,5087,0.00609,0.37533,0.67912,4870,0.00478,0.37333,0.86529,6130,0.00404,0.67238,0.72059,5111,0.01522,0.62114,0.58706,4161,0.00996,0.41086,0.45029,3194,0.00842,0.41619,0.95956,6869,0.00407,0.55762,0.95221,6779,0.00668,0.48305,0.86632,6141,0.00627,0.62362,0.88235,6366,0.00944,0.66048,0.41074,2905,0.00441,0.59486,0.92353,6573,0.00412,0.39057,0.56588,4032,0.00938,0.61314,0.67559,4790,0.0052,0.91505,0.6525,4717,0.00158,0.388,0.86162,6131,0.00895,0.44876,0.96471,6873,0.00639,0.60657,1.02765,7099,0.00348,0.75667,0.94147,6800,0.00228,0.51238,0.43794,3099,0.0084,0.73933,0.61235,4383,0.00313,0.01522,0.0777,0.00938,0.05732
41,4.1,0.69019,0.97765,7003,0.00988,0.13371,0.59103,4215,0.00273,0.4439,0.72103,5192,0.0073,0.37629,0.67956,4870,0.00478,0.37438,0.86441,6130,0.00404,0.67324,0.72088,5216,0.0208,0.62219,0.58794,4161,0.00996,0.41095,0.45162,3194,0.00842,0.416,0.95868,6869,0.00407,0.55943,0.95206,6779,0.00668,0.48352,0.86544,6141,0.00627,0.62514,0.88294,6366,0.00944,0.66133,0.40941,2905,0.00441,0.59562,0.92426,6573,0.00412,0.39124,0.56647,4032,0.00938,0.61343,0.67603,4790,0.0052,0.91543,0.65206,4717,0.00158,0.38838,0.86191,6131,0.00895,0.44914,0.96397,6873,0.00639,0.60676,1.02515,7099,0.00348,0.75705,0.94176,6800,0.00228,0.51229,0.43735,3099,0.0084,0.7401,0.61235,4383,0.00313,0.0208,0.08449,0.00938,0.05732
42,4.2,0.694,0.97397,7003,0.00988,0.13381,0.59029,4215,0.00273,0.4459,0.72235,5192,0.0073,0.37705,0.68,4870,0.00478,0.37552,0.86338,6130,0.00404,0.67419,0.72118,5216,0.0208,0.62324,0.58853,4266,0.01197,0.41095,0.45279,3194,0.00842,0.41581,0.95765,6869,0.00407,0.56124,0.95206,6779,0.00668,0.484,0.86441,6141,0.00627,0.62667,0.88324,6366,0.00944,0.6621,0.40794,2905,0.00441,0.59629,0.925,6573,0.00412,0.39181,0.56691,4032,0.00938,0.61381,0.67618,4790,0.0052,0.91581,0.65191,4717,0.00158,0.38895,0.86191,6131,0.00895,0.44943,0.96324,6873,0.00639,0.60705,1.02279,7099,0.00348,0.75752,0.94176,6800,0.00228,0.5121,0.43662,3099,0.0084,0.74086,0.6125,4383,0.00313,0.0208,0.0865,0.00938,0.05732
43,4.3,0.6979,0.96985,6899,0.00202,0.1341,0.58927,4215,0.00273,0.448,0.72353,5193,0.00767,0.3781,0.68029,4870,0.00478,0.37676,0.86235,6130,0.00404,0.67514,0.72132,5216,0.0208,0.62429,0.58912,4266,0.01197,0.41105,0.45397,3194,0.00842,0.4159,0.95647,6869,0.00407,0.56324,0.95162,6780,0.0066,0.48448,0.86353,6141,0.00627,0.62829,0.88353,6366,0.00944,0.66295,0.40647,2905,0.00441,0.59695,0.92559,6573,0.00412,0.39267,0.56721,4032,0.00938,0.61438,0.67632,4790,0.0052,0.916,0.65132,4717,0.00158,0.38943,0.86191,6131,0.00895,0.44971,0.9625,6873,0.00639,0.60743,1.02029,7099,0.00348,0.758,0.94176,6800,0.00228,0.5121,0.43588,3099,0.0084,0.74162,0.61235,4383,0.00313,0.0208,0.08679,0.00938,0.05732
44,4.4,0.70181,0.96559,6899,0.00202,0.13429,0.58838,4215,0.00273,0.45019,0.72485,5193,0.00767,0.37914,0.68044,4870,0.00478,0.378,0.86132,6130,0.00404,0.67638,0.72162,5217,0.01623,0.62552,0.58956,4266,0.01197,0.41124,0.455,3194,0.00842,0.416,0.95515,6764,0.00315,0.56533,0.95132,6780,0.0066,0.48505,0.86265,6141,0.00627,0.63009,0.88397,6367,0.0099,0.664,0.40485,2905,0.00441,0.59781,0.92618,6573,0.00412,0.39362,0.56765,4032,0.00938,0.61486,0.67618,4790,0.0052,0.91629,0.65103,4717,0.00158,0.39,0.86206,6131,0.00895,0.45,0.96176,6873,0.00639,0.6079,1.01765,7099,0.00348,0.75867,0.94191,6800,0.00228,0.51219,0.43515,3099,0.0084,0.74267,0.61235,4383,0.00313,0.01623,0.08176,0.00938,0.05732
45,4.5,0.70581,0.96074,6900,0.00183,0.13438,0.5875,4110,0.00196,0.45248,0.72588,5193,0.00767,0.38038,0.68044,4870,0.00478,0.37924,0.86,6130,0.00404,0.67781,0.72191,5217,0.01623,0.62686,0.59029,4266,0.01197,0.41162,0.45603,3299,0.00539,0.41619,0.95397,6764,0.00315,0.56743,0.95074,6780,0.0066,0.48562,0.86162,6141,0.00627,0.63219,0.88471,6367,0.0099,0.66505,0.40309,2905,0.00441,0.59867,0.92676,6678,0.00353,0.39457,0.56809,4032,0.00938,0.61543,0.67618,4790,0.0052,0.91657,0.65073,4717,0.00158,0.39057,0.86206,6132,0.00913,0.45029,0.96088,6873,0.00639,0.60838,1.01515,7099,0.00348,0.75933,0.94206,6800,0.00228,0.51229,0.43412,3099,0.0084,0.74381,0.61235,4384,0.00281,0.01623,0.07796,0.00938,0.05659
46,4.6,0.7099,0.95559,6795,0.00187,0.13457,0.58662,4110,0.00196,0.45476,0.72691,5193,0.00767,0.38171,0.68015,4871,0.00484,0.38057,0.85868,6130,0.00404,0.67943,0.72221,5217,0.01623,0.62829,0.59088,4266,0.01197,0.41219,0.45691,3299,0.00539,0.41638,0.95265,6764,0.00315,0.56971,0.95015,6780,0.0066,0.48619,0.86044,6142,0.00749,0.63457,0.88544,6367,0.0099,0.66619,0.40118,2905,0.00441,0.59962,0.92706,6678,0.00353,0.39552,0.56868,4032,0.00938,0.6159,0.67618,4790,0.0052,0.91676,0.65059,4717,0.00158,0.39114,0.86206,6132,0.00913,0.45076,0.95956,6873,0.00639,0.60876,1.01294,7099,0.00348,0.76,0.94206,6800,0.00228,0.51238,0.43294,3099,0.0084,0.74495,0.61206,4384,0.00281,0.01623,0.07924,0.00938,0.05659
47,4.7,0.71429,0.94941,6796,0.00179,0.13467,0.58588,4110,0.00196,0.45705,0.72765,5193,0.00767,0.38314,0.67985,4871,0.00484,0.3819,0.85735,6131,0.00466,0.68105,0.7225,5217,0.01623,0.62981,0.59147,4267,0.0134,0.41286,0.45765,3299,0.00539,0.41676,0.95132,6764,0.00315,0.57219,0.94926,6781,0.00806,0.48705,0.85926,6142,0.00749,0.63714,0.88603,6367,0.0099,0.66743,0.39941,2906,0.00403,0.60076,0.92706,6679,0.00344,0.39648,0.56926,4032,0.00938,0.61648,0.67632,4790,0.0052,0.91676,0.65029,4717,0.00158,0.39162,0.86221,6132,0.00913,0.45133,0.95824,6873,0.00639,0.60933,1.01074,7099,0.00348,0.76067,0.94176,6800,0.00228,0.51238,0.43176,3099,0.0084,0.74638,0.61191,4384,0.00281,0.01623,0.08275,0.00938,0.05612
48,4.8,0.71876,0.94294,6796,0.00179,0.13486,0.58515,4110,0.00196,0.45924,0.72824,5194,0.00677,0.38476,0.67941,4871,0.00484,0.38324,0.85603,6131,0.00466,0.68286,0.72279,5217,0.01623,0.63152,0.59206,4267,0.0134,0.41362,0.45809,3299,0.00539,0.41714,0.95015,6764,0.00315,0.57476,0.94824,6781,0.00806,0.488,0.85824,6142,0.00749,0.6401,0.88647,6368,0.01023,0.66886,0.3975,2906,0.00403,0.602,0.92676,6679,0.00344,0.39743,0.56956,4032,0.00938,0.61714,0.67647,4895,0.00484,0.91676,0.65015,4717,0.00158,0.39219,0.86221,6132,0.00913,0.45219,0.95662,6873,0.00639,0.6101,1.00838,7100,0.00371,0.76133,0.94118,6695,0.00186,0.51238,0.43044,3099,0.0084,0.74781,0.61162,4384,0.00281,0.01623,0.08218,0.00938,0.05557
49,4.9,0.72257,0.935,6691,0.00194,0.13514,0.58471,4110,0.00196,0.46152,0.72853,5194,0.00677,0.38638,0.67868,4871,0.00484,0.38457,0.85471,6131,0.00466,0.68486,0.72279,5217,0.01623,0.63333,0.5925,4267,0.0134,0.41467,0.45838,3299,0.00539,0.41771,0.94882,6764,0.00315,0.57752,0.94721,6781,0.00806,0.48933,0.85706,6142,0.00749,0.64333,0.88691,6368,0.01023,0.67038,0.39544,2801,0.00479,0.60352,0.92618,6574,0.00536,0.39829,0.56985,4032,0.00938,0.61781,0.67662,4895,0.00484,0.91686,0.65029,4717,0.00158,0.39276,0.86221,6132,0.00913,0.45324,0.95485,6768,0.00621,0.61095,1.00618,7100,0.00371,0.7619,0.94029,6696,0.00216,0.51238,0.42897,3099,0.0084,0.74952,0.61118,4384,0.00281,0.01623,0.08218,0.00938,0.05837
50,5.0,0.72448,0.93206,6692,0.00247,0.13543,0.58412,4110,0.00196,0.46371,0.72868,5194,0.00677,0.38819,0.67794,4871,0.00484,0.386,0.85324,6131,0.00466,0.68714,0.72294,5218,0.0154,0.63524,0.59279,4267,0.0134,0.41581,0.45838,3299,0.00539,0.41848,0.94765,6764,0.00315,0.58048,0.94588,6781,0.00806,0.49086,0.85588,6142,0.00749,0.64705,0.88706,6368,0.01023,0.672,0.39309,2801,0.00479,0.60524,0.92529,6574,0.00536,0.39905,0.56971,4032,0.00938,0.61867,0.67662,4895,0.00484,0.91686,0.65044,4717,0.00158,0.39352,0.86206,6132,0.00913,0.45467,0.95309,6768,0.00621,0.6119,1.00412,7100,0.00371,0.76257,0.93897,6696,0.00216,0.51229,0.42735,3099,0.0084,0.75133,0.61059,4384,0.00281,0.0154,0.08135,0.00938,0.05837
51,5.1,0.72819,0.92574,6587,0.0031,0.13571,0.58382,4110,0.00196,0.466,0.72853,5194,0.00677,0.39,0.67721,4871,0.00484,0.38743,0.85191,6026,0.00445,0.68952,0.72279,5218,0.0154,0.63724,0.59294,4267,0.0134,0.41714,0.45809,3299,0.00539,0.41933,0.94647,6765,0.00411,0.58362,0.94456,6782,0.00815,0.49257,0.85456,6142,0.00749,0.65105,0.88721,6369,0.01475,0.67371,0.39074,2801,0.00479,0.60714,0.92412,6574,0.00536,0.39981,0.56941,4032,0.00938,0.61952,0.67662,4896,0.00478,0.91686,0.65073,4717,0.00158,0.39438,0.86176,6132,0.00913,0.45629,0.95103,6768,0.00621,0.61314,1.00221,7100,0.00371,0.76333,0.93735,6696,0.00216,0.5121,0.42544,2994,0.00972,0.75333,0.60985,4385,0.00249,0.0154,0.08671,0.00972,0.05931
52,5.2,0.73248,0.91897,6587,0.0031,0.13619,0.58353,4110,0.00196,0.46829,0.72824,5195,0.00681,0.3919,0.67632,4767,0.0048,0.38886,0.85059,6026,0.00445,0.69229,0.72265,5218,0.0154,0.63943,0.59294,4268,0.03011,0.41857,0.45765,3299,0.00539,0.42029,0.94544,6765,0.00411,0.58686,0.94309,6782,0.00815,0.49467,0.85338,6142,0.00749,0.65543,0.88706,6369,0.01475,0.67562,0.38794,2801,0.00479,0.60933,0.92294,6574,0.00536,0.40057,0.56882,4033,0.01255,0.62067,0.67647,4896,0.00478,0.91705,0.65118,4717,0.00158,0.39533,0.86147,6132,0.00913,0.45829,0.94912,6769,0.00627,0.61438,1.00044,7100,0.00371,0.7641,0.93559,6696,0.00216,0.512,0.42353,2994,0.00972,0.75552,0.60897,4385,0.00249,0.03011,0.10342,0.01255,0.06254
53,5.3,0.73724,0.91603,6588,0.00222,0.13667,0.58323,4110,0.00196,0.47067,0.72779,5195,0.00681,0.39381,0.67529,4767,0.0048,0.39038,0.84912,6026,0.00445,0.69524,0.72221,5218,0.0154,0.64162,0.59294,4268,0.03011,0.4201,0.45691,3300,0.00488,0.42143,0.94426,6765,0.00411,0.59029,0.94162,6782,0.00815,0.49695,0.85206,6038,0.00793,0.6601,0.88676,6370,0.01222,0.67752,0.38515,2802,0.00475,0.61162,0.92162,6575,0.00332,0.40133,0.56779,4033,0.01255,0.622,0.67618,4791,0.00446,0.91724,0.65177,4717,0.00158,0.39648,0.86088,6132,0.00913,0.46057,0.94706,6769,0.00627,0.61581,0.99897,7100,0.00371,0.76495,0.93353,6696,0.00216,0.51181,0.42132,2994,0.00972,0.7579,0.60779,4385,0.00249,0.03011,0.10082,0.01255,0.06014
54,5.4,0.7421,0.91397,6588,0.00222,0.13733,0.58309,4110,0.00196,0.47305,0.72706,5195,0.00681,0.39581,0.67441,4767,0.0048,0.3919,0.84779,6027,0.0048,0.69848,0.72176,5219,0.01592,0.6439,0.59279,4268,0.03011,0.42171,0.45603,3300,0.00488,0.42267,0.94309,6765,0.00411,0.59371,0.94015,6678,0.00768,0.49943,0.85074,6038,0.00793,0.66514,0.88632,6370,0.01222,0.67962,0.38191,2697,0.00427,0.61419,0.92015,6575,0.00332,0.4021,0.56662,4033,0.01255,0.62343,0.67574,4791,0.00446,0.91762,0.6525,4717,0.00158,0.39762,0.86015,6132,0.00913,0.46314,0.94515,6769,0.00627,0.61733,0.99765,7100,0.00371,0.7659,0.93118,6696,0.00216,0.51171,0.41882,2994,0.00972,0.76038,0.60632,4385,0.00249,0.03011,0.10122,0.01255,0.05966
55,5.5,0.74752,0.91176,6589,0.00313,0.1381,0.58279,4110,0.00196,0.47552,0.72632,5195,0.00681,0.39771,0.67353,4767,0.0048,0.39352,0.84632,6027,0.0048,0.702,0.72118,5219,0.01592,0.6461,0.59265,4268,0.03011,0.42333,0.45485,3195,0.00647,0.424,0.94191,6765,0.00411,0.59724,0.93853,6678,0.00768,0.50209,0.84926,6038,0.00793,0.67038,0.88559,6371,0.00997,0.68162,0.37853,2697,0.00427,0.61695,0.91868,6575,0.00332,0.40295,0.56515,4033,0.01255,0.62505,0.675,4791,0.00446,0.9181,0.65338,4717,0.00158,0.39895,0.85926,6132,0.00913,0.46581,0.94324,6769,0.00627,0.61886,0.99647,7100,0.00371,0.76705,0.92868,6696,0.00216,0.51152,0.41618,2994,0.00972,0.76295,0.60471,4386,0.00317,0.03011,0.10056,0.01255,0.06034
56,5.6,0.75257,0.91206,6590,0.00289,0.13905,0.58235,4110,0.00196,0.478,0.72529,5196,0.00726,0.39962,0.67279,4767,0.0048,0.39524,0.84485,6027,0.0048,0.70571,0.72044,5115,0.01476,0.64838,0.59235,4269,0.01152,0.42495,0.45353,3195,0.00647,0.42543,0.94059,6660,0.00384,0.60076,0.93676,6679,0.00796,0.50486,0.84765,6039,0.009,0.67571,0.88471,6371,0.00997,0.68362,0.37485,2697,0.00427,0.61981,0.91735,6576,0.00349,0.4039,0.56353,4033,0.01255,0.62695,0.67397,4791,0.00446,0.91886,0.65456,4717,0.00158,0.40038,0.85809,6133,0.0093,0.46848,0.94147,6770,0.00838,0.62048,0.99559,7101,0.00378,0.76819,0.92618,6591,0.00225,0.51143,0.41338,2994,0.00972,0.76562,0.60294,4281,0.00287,0.01476,0.08234,0.01255,0.06265
57,5.7,0.75762,0.91368,6590,0.00289,0.14019,0.58191,4110,0.00196,0.48057,0.72412,5196,0.00726,0.40162,0.67176,4768,0.00544,0.39705,0.84338,6027,0.0048,0.70971,0.71971,5115,0.01476,0.65067,0.59206,4269,0.01152,0.42657,0.45235,3195,0.00647,0.42705,0.93912,6660,0.00384,0.60429,0.93485,6679,0.00796,0.50781,0.84618,6039,0.009,0.68124,0.88382,6372,0.01373,0.68581,0.37088,2698,0.00388,0.62276,0.91618,6576,0.00349,0.40514,0.56176,4033,0.01255,0.62914,0.67265,4792,0.00534,0.91962,0.65574,4717,0.00158,0.40181,0.85691,6133,0.0093,0.47133,0.93985,6665,0.00569,0.62209,0.99485,7101,0.00378,0.76971,0.92368,6591,0.00225,0.51152,0.41059,2889,0.0076,0.76838,0.60103,4281,0.00287,0.01476,0.08674,0.01255,0.05833
58,5.8,0.76238,0.91338,6591,0.00225,0.14133,0.58132,4110,0.00196,0.48314,0.72309,5196,0.00726,0.40371,0.67074,4768,0.00544,0.39886,0.84176,6027,0.0048,0.7141,0.71912,5115,0.01476,0.65314,0.59206,4269,0.01152,0.42829,0.45103,3195,0.00647,0.42848,0.93779,6660,0.00384,0.60781,0.93309,6679,0.00796,0.51057,0.84456,6039,0.009,0.68724,0.88324,6373,0.01199,0.688,0.36691,2593,0.00404,0.62591,0.91515,6576,0.00349,0.40648,0.56,4033,0.01255,0.63143,0.67132,4792,0.00534,0.92067,0.65721,4717,0.00158,0.40333,0.85574,6133,0.0093,0.47419,0.93824,6665,0.00569,0.62362,0.99456,7101,0.00378,0.77133,0.92147,6591,0.00225,0.51171,0.40765,2889,0.0076,0.77133,0.59912,4281,0.00287,0.01476,0.085,0.01255,0.05849
59,5.9,0.76676,0.91103,6486,0.00202,0.14248,0.58074,4110,0.00196,0.48581,0.72176,5197,0.00634,0.40581,0.66971,4768,0.00544,0.40076,0.84,6028,0.00442,0.71857,0.71838,5116,0.01552,0.65562,0.59221,4269,0.01152,0.4301,0.44956,3196,0.00814,0.43,0.93647,6661,0.00393,0.61124,0.93103,6680,0.01012,0.51333,0.84294,6039,0.009,0.69324,0.88221,6268,0.01133,0.69,0.36265,2593,0.00404,0.62905,0.91412,6577,0.00483,0.4079,0.55824,3928,0.01817,0.63381,0.66985,4792,0.00534,0.9219,0.65853,4717,0.00158,0.40486,0.85456,6133,0.0093,0.47714,0.93647,6666,0.00552,0.62505,0.99456,7101,0.00378,0.77305,0.91941,6592,0.002,0.51181,0.40456,2889,0.0076,0.77438,0.59706,4282,0.00627,0.01552,0.08772,0.01817,0.06843
60,6.0,0.77114,0.90779,6486,0.00202,0.14362,0.58,4111,0.0022,0.48848,0.72044,5092,0.00743,0.4079,0.66853,4768,0.00544,0.40257,0.83838,6028,0.00442,0.72324,0.71765,5116,0.01552,0.6581,0.59221,4270,0.01319,0.4319,0.44809,3196,0.00814,0.43162,0.93515,6661,0.00393,0.61457,0.92897,6680,0.01012,0.5161,0.84132,6040,0.00749,0.69952,0.88103,6269,0.01436,0.6921,0.35838,2593,0.00404,0.63229,0.91294,6577,0.00483,0.40933,0.55647,3928,0.01817,0.63638,0.66853,4792,0.00534,0.92305,0.66,4717,0.00158,0.40629,0.85324,6133,0.0093,0.48019,0.93456,6666,0.00552,0.62648,0.99471,7101,0.00378,0.77476,0.91735,6592,0.002,0.5121,0.40162,2889,0.0076,0.77743,0.59485,4282,0.00627,0.01552,0.09224,0.01817,0.06843
61,6.1,0.77552,0.90294,6487,0.00223,0.14476,0.57941,4111,0.0022,0.49105,0.71912,5092,0.00743,0.4101,0.66721,4769,0.00614,0.40457,0.83662,5923,0.00504,0.7281,0.71691,5117,0.01668,0.66076,0.59221,4270,0.01319,0.43381,0.44662,3196,0.00814,0.43324,0.93368,6661,0.00393,0.618,0.92691,6680,0.01012,0.51886,0.83956,6040,0.00749,0.70581,0.87926,6270,0.01228,0.6941,0.35412,2593,0.00404,0.63552,0.91162,6472,0.00407,0.41086,0.55471,3929,0.00935,0.63914,0.66721,4793,0.00496,0.92429,0.66132,4718,0.00196,0.40771,0.85206,6028,0.01025,0.48324,0.9325,6666,0.00552,0.62791,0.995,7101,0.00378,0.77648,0.91544,6592,0.002,0.51238,0.39882,2889,0.0076,0.78048,0.5925,4282,0.00627,0.01668,0.09264,0.01025,0.0598
62,6.2,0.78067,0.89559,6382,0.00222,0.1459,0.57868,4111,0.0022,0.49381,0.71765,5092,0.00743,0.41219,0.66588,4769,0.00614,0.40648,0.83485,5923,0.00504,0.73295,0.71603,5117,0.01668,0.66352,0.59191,4270,0.01319,0.43571,0.44515,3196,0.00814,0.43495,0.9325,6661,0.00393,0.62133,0.92471,6576,0.01024,0.52171,0.83794,5935,0.00728,0.71219,0.87721,6270,0.01228,0.696,0.34971,2489,0.00465,0.63886,0.91029,6473,0.00342,0.41248,0.55279,3929,0.00935,0.642,0.66574,4793,0.00496,0.92562,0.66279,4823,0.00226,0.40924,0.85074,6028,0.01025,0.48629,0.93044,6667,0.00506,0.62924,0.99515,7102,0.00318,0.77829,0.91338,6592,0.002,0.51276,0.39603,2784,0.0102,0.78352,0.59015,4283,0.00257,0.01668,0.09255,0.01025,0.0579
63,6.3,0.78714,0.88456,6383,0.00246,0.14705,0.57809,4111,0.0022,0.49648,0.71603,5093,0.00817,0.41438,0.66441,4769,0.00614,0.40838,0.83309,5923,0.00504,0.7381,0.71515,5118,0.03294,0.66638,0.59132,4270,0.01319,0.43771,0.44353,3196,0.00814,0.43667,0.93118,6661,0.00393,0.62467,0.92235,6576,0.01024,0.52448,0.83618,5936,0.00785,0.71867,0.87471,6271,0.01064,0.6979,0.34529,2489,0.00465,0.64219,0.90868,6473,0.00342,0.414,0.55088,3929,0.00935,0.64505,0.66441,4793,0.00496,0.92695,0.66412,4823,0.00226,0.41086,0.84941,6029,0.00766,0.48952,0.92824,6667,0.00506,0.63076,0.99529,7102,0.00318,0.7801,0.91162,6487,0.00223,0.51314,0.39353,2784,0.0102,0.78657,0.58765,4178,0.00492,0.03294,0.10848,0.0102,0.05789
64,6.4,0.79476,0.87147,6279,0.00214,0.1481,0.57735,4111,0.0022,0.49924,0.71441,5093,0.00817,0.41657,0.66279,4769,0.00614,0.41038,0.83132,5924,0.00457,0.74333,0.71397,5119,0.01946,0.66933,0.59029,4271,0.02014,0.43971,0.44206,3197,0.00687,0.43848,0.92985,6662,0.00941,0.628,0.92,6576,0.01024,0.52714,0.83456,5936,0.00785,0.72514,0.87176,6272,0.02053,0.69962,0.34059,2489,0.00465,0.64562,0.90706,6473,0.00342,0.41562,0.54897,3929,0.00935,0.6481,0.66309,4794,0.00427,0.92829,0.66544,4823,0.00226,0.41248,0.84794,6029,0.00766,0.49276,0.92588,6562,0.00654,0.63219,0.99559,7102,0.00318,0.782,0.90985,6488,0.00186,0.51371,0.39118,2784,0.0102,0.78962,0.585,4178,0.00492,0.02053,0.11558,0.0102,0.05831
65,6.5,0.80286,0.85794,6175,0.00218,0.14914,0.57662,4111,0.0022,0.50209,0.71294,5093,0.00817,0.41876,0.66103,4664,0.00518,0.41229,0.82941,5924,0.00457,0.74857,0.71279,5119,0.01946,0.67229,0.58897,4271,0.02014,0.4419,0.44044,3092,0.00657,0.44038,0.92853,6662,0.00941,0.63133,0.9175,6577,0.00903,0.5299,0.83279,5936,0.00785,0.73143,0.86838,6272,0.02053,0.70124,0.33588,2384,0.00398,0.64895,0.90515,6474,0.00376,0.41714,0.54706,3929,0.00935,0.65124,0.66191,4794,0.00427,0.92962,0.66676,4823,0.00226,0.4141,0.84647,6029,0.00766,0.4961,0.92324,6563,0.0055,0.63362,0.99574,7102,0.00318,0.784,0.90838,6488,0.00186,0.51429,0.38882,2785,0.00832,0.79267,0.58221,4179,0.00268,0.02053,0.11311,0.00935,0.05282
66,6.6,0.81086,0.845,6071,0.001,0.15029,0.57603,4111,0.0022,0.50505,0.71132,5094,0.00579,0.42105,0.65926,4665,0.0052,0.41429,0.8275,5924,0.00457,0.7539,0.71132,5120,0.01899,0.67543,0.58721,4166,0.0172,0.4441,0.43882,3092,0.00657,0.44219,0.92706,6662,0.00941,0.63467,0.91485,6577,0.00903,0.53267,0.83118,5936,0.00785,0.73762,0.86441,6168,0.0134,0.70267,0.33118,2384,0.00398,0.65229,0.90309,6474,0.00376,0.41876,0.545,3929,0.00935,0.65448,0.66059,4689,0.00415,0.93105,0.66824,4823,0.00226,0.4159,0.845,6029,0.00766,0.49943,0.92059,6563,0.0055,0.63505,0.99603,7102,0.00318,0.786,0.90706,6488,0.00186,0.51505,0.38662,2785,0.00832,0.79552,0.57941,4179,0.00268,0.01899,0.10021,0.00935,0.0527
67,6.7,0.81848,0.83221,5966,0.00158,0.15143,0.57529,4111,0.0022,0.50791,0.70956,5094,0.00579,0.42343,0.65735,4665,0.0052,0.41619,0.82559,5924,0.00457,0.75924,0.70971,5120,0.01899,0.67848,0.58515,4167,0.02065,0.44638,0.43721,3092,0.00657,0.4441,0.92559,6557,0.00363,0.638,0.91206,6577,0.00903,0.53543,0.82941,5937,0.00818,0.74371,0.86015,6169,0.01498,0.704,0.32632,2384,0.00398,0.65562,0.90088,6474,0.00376,0.42038,0.54279,3825,0.01017,0.65771,0.65956,4690,0.00431,0.93248,0.66985,4823,0.00226,0.41762,0.84353,6029,0.00766,0.50286,0.91779,6563,0.0055,0.63648,0.99618,7102,0.00318,0.78819,0.90603,6488,0.00186,0.51581,0.38441,2785,0.00832,0.79838,0.57632,4179,0.00268,0.02065,0.09979,0.01017,0.05368
68,6.8,0.82562,0.81926,5862,0.00153,0.15257,0.57471,4112,0.00233,0.51076,0.70779,5094,0.00579,0.42571,0.65529,4665,0.0052,0.4181,0.82353,5819,0.00528,0.76457,0.70779,5121,0.01645,0.68152,0.5825,4167,0.02065,0.44867,0.43559,3093,0.00624,0.4459,0.92397,6557,0.00363,0.64124,0.90912,6473,0.00987,0.53819,0.8275,5937,0.00818,0.74971,0.85544,6169,0.01498,0.70514,0.32147,2280,0.00353,0.65895,0.89853,6475,0.00381,0.422,0.54074,3825,0.01017,0.66105,0.65838,4690,0.00431,0.93362,0.67132,4824,0.00137,0.41943,0.84206,6030,0.0078,0.50629,0.91485,6564,0.00626,0.63781,0.99632,7102,0.00318,0.79048,0.90515,6488,0.00186,0.51667,0.38206,2680,0.00721,0.80114,0.57309,4075,0.00322,0.02065,0.0986,0.01017,0.05272
69,6.9,0.83238,0.80647,5758,0.00092,0.15381,0.57382,4112,0.00233,0.51362,0.70588,4989,0.00895,0.4279,0.65309,4665,0.0052,0.42,0.82147,5820,0.00462,0.77,0.70559,5016,0.02789,0.68448,0.57941,4167,0.02065,0.45105,0.43368,3093,0.00624,0.44771,0.92221,6558,0.00423,0.64448,0.90603,6473,0.00987,0.54086,0.82544,5937,0.00818,0.75562,0.85044,6065,0.01833,0.70619,0.31647,2280,0.00353,0.66219,0.89603,6370,0.00297,0.42352,0.53853,3825,0.01017,0.66429,0.65721,4690,0.00431,0.93457,0.67265,4824,0.00137,0.42124,0.84059,6030,0.0078,0.50971,0.91191,6564,0.00626,0.63895,0.99647,7103,0.00476,0.79295,0.90456,6489,0.00222,0.51752,0.37985,2680,0.00721,0.80381,0.56971,4075,0.00322,0.02789,0.11649,0.01017,0.05382
70,7.0,0.83886,0.79485,5759,0.00164,0.15505,0.57309,4007,0.00222,0.51638,0.70382,4990,0.00927,0.4301,0.65088,4666,0.00566,0.4219,0.81926,5820,0.00462,0.77543,0.70324,5017,0.01453,0.68743,0.57603,4168,0.02023,0.45333,0.43176,3093,0.00624,0.44952,0.92059,6558,0.00423,0.64771,0.90265,6474,0.01172,0.54362,0.82338,5833,0.00776,0.76133,0.84529,6065,0.01833,0.70714,0.31132,2280,0.00353,0.66533,0.89338,6370,0.00297,0.42505,0.53632,3825,0.01017,0.66752,0.65618,4691,0.00361,0.93533,0.67338,4824,0.00137,0.42305,0.83882,6030,0.0078,0.51314,0.90868,6459,0.00656,0.64019,0.99662,7103,0.00476,0.79562,0.90426,6489,0.00222,0.51838,0.3775,2680,0.00721,0.80648,0.56618,4075,0.00322,0.02023,0.10481,0.01017,0.05342
71,7.1,0.84533,0.78456,5654,0.00141,0.15629,0.57206,4007,0.00222,0.51905,0.70176,4990,0.00927,0.43229,0.64853,4666,0.00566,0.42371,0.81706,5820,0.00462,0.78105,0.70074,5018,0.04223,0.69029,0.57221,4063,0.01817,0.45571,0.42971,3093,0.00624,0.45124,0.91882,6558,0.00423,0.65095,0.89912,6474,0.01172,0.54629,0.82132,5833,0.00776,0.76686,0.83985,6066,0.01488,0.7079,0.30618,2175,0.00528,0.66848,0.89044,6371,0.00626,0.42657,0.53412,3825,0.01017,0.67076,0.655,4691,0.00361,0.93581,0.67368,4824,0.00137,0.42476,0.83721,5925,0.00886,0.51667,0.90544,6460,0.00622,0.64133,0.99662,7103,0.00476,0.79848,0.90426,6489,0.00222,0.51924,0.37529,2680,0.00721,0.80905,0.5625,4075,0.00322,0.04223,0.127,0.01017,0.05918
72,7.2,0.85143,0.77544,5550,0.00145,0.15752,0.57118,4007,0.00222,0.52171,0.69971,4990,0.00927,0.43448,0.64603,4561,0.00586,0.42552,0.81485,5820,0.00462,0.78667,0.69794,5018,0.04223,0.69305,0.56809,4063,0.01817,0.4581,0.4275,3094,0.00729,0.45295,0.91691,6558,0.00423,0.65419,0.89544,6369,0.01475,0.54886,0.81912,5833,0.00776,0.77229,0.83441,5962,0.02012,0.70848,0.30103,2175,0.00528,0.67143,0.88735,6371,0.00626,0.4281,0.53191,3825,0.01017,0.674,0.65382,4691,0.00361,0.936,0.67338,4824,0.00137,0.42648,0.83544,5925,0.00886,0.52019,0.90206,6460,0.00622,0.64248,0.99662,7103,0.00476,0.80152,0.90456,6490,0.00142,0.52019,0.37294,2680,0.00721,0.81171,0.55897,4076,0.00272,0.04223,0.13652,0.01017,0.05788
73,7.3,0.8559,0.76676,5550,0.00145,0.15886,0.57015,4007,0.00222,0.52419,0.6975,4991,0.00687,0.43648,0.64353,4561,0.00586,0.42724,0.8125,5820,0.00462,0.79238,0.69515,5019,0.02019,0.69571,0.56368,4064,0.13524,0.46038,0.42529,2989,0.00742,0.45457,0.915,6558,0.00423,0.65743,0.89132,6370,0.01222,0.55143,0.81676,5833,0.00776,0.77762,0.82882,5962,0.02012,0.70905,0.29574,2175,0.00528,0.67438,0.88412,6371,0.00626,0.42943,0.52971,3826,0.0107,0.67714,0.65265,4692,0.00418,0.9359,0.67265,4824,0.00137,0.4281,0.83353,5925,0.00886,0.52362,0.89868,6460,0.00622,0.64362,0.99662,7103,0.00476,0.80467,0.90515,6490,0.00142,0.52105,0.37074,2680,0.00721,0.81429,0.55515,3971,0.00397,0.13524,0.22675,0.0107,0.06023
74,7.4,0.86152,0.75647,5446,0.00244,0.16009,0.56912,4007,0.00222,0.52667,0.69529,4991,0.00687,0.43857,0.64088,4562,0.00617,0.42886,0.81,5821,0.00547,0.7981,0.69221,5019,0.02019,0.69829,0.55926,4064,0.13524,0.46276,0.42294,2989,0.00742,0.45619,0.91309,6558,0.00423,0.66067,0.88706,6370,0.01222,0.554,0.81456,5834,0.0076,0.78286,0.82338,5858,0.02139,0.70952,0.29059,2070,0.0033,0.67724,0.88059,6267,0.00336,0.43086,0.5275,3721,0.01417,0.68029,0.65147,4692,0.00418,0.93552,0.67147,4824,0.00137,0.42971,0.83162,5926,0.00732,0.52714,0.89515,6356,0.00474,0.64476,0.99632,7103,0.00476,0.8079,0.90603,6490,0.00142,0.5219,0.36853,2680,0.00721,0.81695,0.55147,3971,0.00397,0.13524,0.22902,0.01417,0.0558
75,7.5,0.8681,0.74691,5342,0.00206,0.16133,0.56809,4007,0.00222,0.52905,0.69294,4991,0.00687,0.44048,0.63809,4562,0.00617,0.43038,0.80765,5716,0.00518,0.804,0.68926,4915,0.00796,0.70076,0.55456,3959,0.01679,0.46505,0.42059,2989,0.00742,0.45771,0.91103,6454,0.00434,0.66381,0.88265,6370,0.01222,0.55648,0.81221,5834,0.0076,0.788,0.81794,5858,0.02139,0.71,0.28544,2070,0.0033,0.68,0.87691,6267,0.00336,0.43219,0.52529,3721,0.01417,0.68333,0.65015,4692,0.00418,0.93476,0.67,4824,0.00137,0.43124,0.82956,5926,0.00732,0.53067,0.89162,6356,0.00474,0.6459,0.99603,7103,0.00476,0.81133,0.90721,6491,0.00201,0.52276,0.36647,2575,0.00786,0.81952,0.54794,3972,0.00155,0.02139,0.09816,0.01417,0.05462
76,7.6,0.87343,0.7375,5342,0.00206,0.16267,0.56706,4008,0.00203,0.53143,0.69074,4886,0.00824,0.44238,0.63544,4562,0.00617,0.4319,0.80515,5716,0.00518,0.80981,0.68632,4916,0.01026,0.70305,0.54971,3959,0.01679,0.46733,0.41824,2990,0.0075,0.45924,0.90897,6454,0.00434,0.66695,0.87809,6266,0.0144,0.55895,0.80985,5834,0.0076,0.79314,0.8125,5859,0.01184,0.71029,0.28029,2070,0.0033,0.68267,0.87309,6267,0.00336,0.43343,0.52294,3721,0.01417,0.68638,0.64882,4693,0.00398,0.93381,0.66838,4824,0.00137,0.43276,0.82735,5926,0.00732,0.53419,0.88794,6357,0.00552,0.64714,0.99574,7103,0.00476,0.81467,0.90868,6491,0.00201,0.52362,0.36456,2575,0.00786,0.8221,0.54426,3972,0.00155,0.01679,0.09435,0.01417,0.0552
77,7.7,0.87895,0.72809,5238,0.00227,0.1639,0.56588,4008,0.00203,0.53371,0.68853,4887,0.00866,0.44429,0.63279,4562,0.00617,0.43333,0.80265,5716,0.00518,0.81571,0.68338,4916,0.01026,0.70524,0.54471,3960,0.03061,0.46952,0.41588,2990,0.0075,0.46076,0.90691,6454,0.00434,0.6699,0.87338,6266,0.0144,0.56133,0.80765,5729,0.00776,0.7981,0.80721,5754,0.02004,0.71067,0.27529,1965,0.00399,0.68524,0.86912,6267,0.00336,0.43476,0.52059,3721,0.01417,0.68924,0.64735,4693,0.00398,0.93257,0.66662,4823,0.00226,0.43419,0.82515,5926,0.00732,0.53762,0.88441,6357,0.00552,0.64829,0.99515,7104,0.00268,0.8181,0.91029,6491,0.00201,0.52438,0.36265,2576,0.00748,0.82448,0.54074,3867,0.00323,0.03061,0.11695,0.01417,0.056
78,7.8,0.88486,0.71882,5133,0.00155,0.16514,0.56471,4008,0.00203,0.5359,0.68632,4887,0.00866,0.4461,0.63,4457,0.00669,0.43467,0.80015,5716,0.00518,0.82162,0.68044,4917,0.06198,0.70724,0.53971,3855,0.01164,0.47162,0.41368,2990,0.0075,0.46219,0.90471,6454,0.00434,0.67267,0.86853,6266,0.0144,0.56362,0.80529,5730,0.01068,0.80305,0.80206,5755,0.01708,0.71086,0.27015,1965,0.00399,0.68781,0.86485,6163,0.00341,0.436,0.51824,3721,0.01417,0.692,0.64603,4588,0.0038,0.93124,0.66529,4823,0.00226,0.43552,0.82294,5821,0.00734,0.54105,0.88074,6252,0.00455,0.64933,0.99456,7104,0.00268,0.82152,0.91206,6597,0.00116,0.52524,0.36088,2576,0.00748,0.82667,0.53735,3867,0.00323,0.06198,0.15018,0.01417,0.05407
79,7.9,0.89029,0.70971,5134,0.00187,0.16648,0.56368,4008,0.00203,0.53819,0.68426,4887,0.00866,0.44781,0.6275,4458,0.00776,0.4359,0.7975,5716,0.00518,0.82733,0.67735,4917,0.06198,0.70905,0.53456,3855,0.01164,0.47362,0.41132,2885,0.00814,0.46352,0.90265,6454,0.00434,0.67524,0.86368,6161,0.01295,0.56581,0.80309,5730,0.01068,0.80771,0.79691,5755,0.01708,0.71114,0.26515,1965,0.00399,0.69038,0.86059,6163,0.00341,0.43733,0.51588,3721,0.01417,0.69467,0.64456,4588,0.0038,0.92981,0.66441,4823,0.00226,0.43695,0.82059,5821,0.00734,0.54438,0.87706,6253,0.00415,0.65048,0.99397,7104,0.00268,0.82476,0.91397,6597,0.00116,0.5261,0.35926,2576,0.00748,0.82867,0.53412,3868,0.00238,0.06198,0.15044,0.01417,0.05282
80,8.0,0.89495,0.70118,5029,0.00164,0.16762,0.56265,4008,0.00203,0.54048,0.68221,4887,0.00866,0.44952,0.62485,4458,0.00776,0.43714,0.795,5716,0.00518,0.83295,0.67426,4813,0.03514,0.71067,0.52941,3855,0.01164,0.47552,0.40926,2885,0.00814,0.46486,0.90044,6454,0.00434,0.67771,0.85882,6162,0.0127,0.568,0.80103,5730,0.01068,0.81229,0.79176,5651,0.01842,0.71133,0.26015,1860,0.0036,0.69286,0.85618,6163,0.00341,0.43867,0.51353,3617,0.00894,0.69714,0.64309,4589,0.00342,0.92838,0.66426,4823,0.00226,0.43838,0.81838,5822,0.0076,0.54771,0.87353,6253,0.00415,0.65152,0.99324,7104,0.00268,0.8281,0.91603,6597,0.00116,0.52705,0.35779,2576,0.00748,0.83038,0.53103,3868,0.00238,0.03514,0.12469,0.00894,0.04708
81,8.1,0.89943,0.6925,5030,0.00135,0.16876,0.56162,4008,0.00203,0.54267,0.68015,4887,0.00866,0.45133,0.62235,4458,0.00776,0.43819,0.79235,5612,0.00569,0.83838,0.67103,4814,0.03486,0.71219,0.52426,3750,0.02348,0.47743,0.40721,2886,0.00875,0.4661,0.89838,6454,0.00434,0.6799,0.85412,6162,0.0127,0.5701,0.79897,5730,0.01068,0.81667,0.78676,5651,0.01842,0.71152,0.25515,1860,0.0036,0.69524,0.85162,6058,0.00331,0.44,0.51103,3617,0.00894,0.69962,0.64162,4589,0.00342,0.92667,0.66426,4823,0.00226,0.43981,0.81618,5822,0.0076,0.55086,0.87,6253,0.00415,0.65257,0.99235,7104,0.00268,0.83133,0.91838,6598,0.00155,0.528,0.35632,2576,0.00748,0.83171,0.52794,3763,0.00452,0.03486,0.13737,0.00894,0.04951
82,8.2,0.90371,0.68426,4925,0.0021,0.16971,0.56074,4008,0.00203,0.54476,0.67838,4888,0.00932,0.45286,0.62,4458,0.00776,0.43924,0.78985,5612,0.00569,0.84362,0.66794,4814,0.03486,0.71352,0.51912,3750,0.02348,0.47924,0.40515,2886,0.00875,0.46724,0.89632,6350,0.00474,0.6819,0.84926,6057,0.01363,0.5721,0.79706,5731,0.00928,0.82095,0.78162,5652,0.02966,0.71181,0.25029,1860,0.0036,0.69762,0.84706,6059,0.00281,0.44124,0.50868,3617,0.00894,0.702,0.64029,4589,0.00342,0.92476,0.66471,4823,0.00226,0.44124,0.81397,5822,0.0076,0.554,0.86632,6149,0.00436,0.65343,0.99147,7104,0.00268,0.83457,0.92059,6598,0.00155,0.52886,0.35485,2576,0.00748,0.83286,0.525,3763,0.00452,0.03486,0.1492,0.00894,0.04922
83,8.3,0.90771,0.67603,4821,0.00201,0.17057,0.56,4008,0.00203,0.54686,0.67662,4888,0.00932,0.45438,0.6175,4353,0.0071,0.4401,0.78735,5612,0.00569,0.84867,0.66471,4815,0.00758,0.71457,0.51412,3646,0.01357,0.48086,0.40309,2886,0.00875,0.46829,0.89426,6350,0.00474,0.68371,0.84456,6057,0.01363,0.574,0.79529,5731,0.00928,0.82495,0.77676,5547,0.06567,0.7121,0.24574,1755,0.00325,0.6999,0.84235,6059,0.00281,0.44238,0.50632,3617,0.00894,0.70429,0.63912,4589,0.00342,0.92295,0.66515,4822,0.00174,0.44267,0.81191,5822,0.0076,0.55714,0.86279,6149,0.00436,0.65429,0.99044,7104,0.00268,0.83781,0.92265,6598,0.00155,0.52981,0.35353,2576,0.00748,0.83371,0.52206,3763,0.00452,0.06567,0.14736,0.00894,0.04835
84,8.4,0.90933,0.67088,4821,0.00201,0.17143,0.55912,4009,0.00251,0.54905,0.675,4783,0.00864,0.45581,0.61515,4353,0.0071,0.44076,0.78515,5612,0.00569,0.85343,0.66162,4710,0.05073,0.71543,0.50897,3646,0.01357,0.48238,0.40103,2886,0.00875,0.46924,0.89221,6350,0.00474,0.68524,0.83985,6057,0.01363,0.57581,0.79382,5626,0.00901,0.82867,0.77191,5548,0.03444,0.71238,0.24132,1755,0.00325,0.7021,0.83765,5954,0.0052,0.44362,0.50426,3617,0.00894,0.70657,0.63809,4590,0.00421,0.92124,0.66574,4822,0.00174,0.44419,0.80985,5822,0.0076,0.56029,0.85941,6149,0.00436,0.65505,0.98926,7104,0.00268,0.84086,0.92471,6599,0.00117,0.53067,0.35221,2471,0.00714,0.83429,0.51912,3763,0.00452,0.05073,0.15881,0.00894,0.05081
85,8.5,0.9061,0.67279,4821,0.00201,0.1721,0.55838,3904,0.00155,0.55114,0.67338,4783,0.00864,0.45714,0.61279,4354,0.00771,0.44143,0.78294,5612,0.00569,0.8579,0.65838,4711,0.16667,0.7161,0.50412,3646,0.01357,0.48371,0.39897,2886,0.00875,0.47029,0.89015,6350,0.00474,0.68667,0.83515,5953,0.01067,0.57752,0.79235,5626,0.00901,0.8319,0.76691,5548,0.03444,0.71267,0.23721,1755,0.00325,0.7041,0.83279,5954,0.0052,0.44467,0.50221,3617,0.00894,0.70876,0.63735,4590,0.00421,0.91971,0.66603,4822,0.00174,0.44581,0.80779,5717,0.00776,0.56333,0.85588,6150,0.00561,0.6559,0.98779,7104,0.00268,0.84381,0.92632,6599,0.00117,0.53162,0.35103,2471,0.00714,0.83448,0.51647,3763,0.00452,0.16667,0.27144,0.00894,0.05222
86,8.6,0.89638,0.67897,4925,0.0021,0.17267,0.55765,3904,0.00155,0.55314,0.67206,4784,0.00924,0.45819,0.61059,4354,0.00771,0.4419,0.78088,5612,0.00569,0.862,0.65529,4711,0.16667,0.71648,0.49941,3541,0.01795,0.48486,0.39691,2781,0.00832,0.47124,0.88824,6350,0.00474,0.688,0.83029,5953,0.01067,0.57914,0.79103,5626,0.00901,0.83476,0.76221,5443,0.01041,0.71305,0.23338,1650,0.00536,0.7059,0.82779,5955,0.00333,0.44571,0.50015,3617,0.00894,0.71076,0.63676,4590,0.00421,0.91848,0.66618,4822,0.00174,0.44743,0.80574,5717,0.00776,0.56638,0.8525,6045,0.00709,0.65657,0.98632,7104,0.00268,0.84657,0.92765,6704,0.00096,0.53248,0.34985,2471,0.00714,0.83438,0.51382,3658,0.00304,0.16667,0.25196,0.00894,0.05225
87,8.7,0.87952,0.68485,4923,0.00252,0.17324,0.55691,3904,0.00155,0.55514,0.67074,4784,0.00924,0.45914,0.60838,4354,0.00771,0.44219,0.77912,5507,0.00476,0.86552,0.65206,4711,0.16667,0.71667,0.495,3541,0.01795,0.4859,0.395,2782,0.0102,0.4721,0.88632,6350,0.00474,0.68905,0.82544,5953,0.01067,0.58067,0.78985,5626,0.00901,0.83724,0.75735,5443,0.01041,0.71333,0.23,1650,0.00536,0.70762,0.82279,5850,0.00291,0.44657,0.49838,3512,0.01064,0.71267,0.63647,4590,0.00421,0.91752,0.66618,4822,0.00174,0.44895,0.80353,5718,0.00769,0.56924,0.84912,6045,0.00709,0.65724,0.98471,7000,0.00209,0.84914,0.92853,6705,0.00116,0.53333,0.34882,2471,0.00714,0.8341,0.51118,3658,0.00304,0.16667,0.25291,0.01064,0.05307
88,8.8,0.85971,0.69103,4921,0.00147,0.17381,0.55618,3904,0.00155,0.55705,0.66941,4784,0.00924,0.45981,0.60632,4354,0.00771,0.44238,0.77721,5507,0.00476,0.86867,0.64882,4712,0.05355,0.71657,0.49074,3541,0.01795,0.48667,0.39324,2782,0.0102,0.47286,0.88456,6350,0.00474,0.6899,0.82059,5848,0.01179,0.582,0.78897,5627,0.00967,0.83924,0.75279,5444,0.03469,0.71371,0.22706,1650,0.00536,0.70905,0.81779,5850,0.00291,0.44733,0.49676,3512,0.01064,0.71429,0.63632,4591,0.00333,0.91686,0.66603,4822,0.00174,0.45048,0.80132,5718,0.00769,0.572,0.84574,6046,0.00512,0.6579,0.98309,7000,0.00209,0.85133,0.92897,6705,0.00116,0.5341,0.34794,2472,0.00703,0.83362,0.50868,3658,0.00304,0.05355,0.16585,0.01064,0.05011
89,8.9,0.83981,0.70029,5024,0.00243,0.17429,0.55544,3904,0.00155,0.55886,0.66838,4784,0.00924,0.46029,0.60441,4354,0.00771,0.44248,0.77559,5507,0.00476,0.87133,0.64559,4607,0.13962,0.71619,0.48662,3541,0.01795,0.48733,0.39147,2782,0.0102,0.47352,0.88279,6350,0.00474,0.69067,0.81588,5848,0.01179,0.58324,0.78809,5627,0.00967,0.84086,0.74838,5339,0.00611,0.714,0.22456,1650,0.00536,0.71019,0.81265,5850,0.00291,0.448,0.49529,3513,0.01023,0.71562,0.63632,4591,0.00333,0.91648,0.66529,4822,0.00174,0.4521,0.79912,5718,0.00769,0.57486,0.84265,6046,0.00512,0.65857,0.98118,7000,0.00209,0.85314,0.92912,6705,0.00116,0.53486,0.34735,2472,0.00703,0.83276,0.50647,3658,0.00304,0.13962,0.22334,0.01023,0.0497
90,9.0,0.82171,0.70324,5022,0.00234,0.17467,0.55471,3904,0.00155,0.56057,0.66765,4784,0.00924,0.46057,0.6025,4249,0.00884,0.44267,0.77412,5507,0.00476,0.87343,0.64235,4607,0.13962,0.71562,0.48265,3436,0.01318,0.4881,0.38985,2782,0.0102,0.4741,0.88088,6245,0.00463,0.69114,0.81118,5848,0.01179,0.58438,0.78721,5627,0.00967,0.84181,0.74397,5339,0.00611,0.71429,0.22265,1651,0.00365,0.71114,0.8075,5745,0.00292,0.44867,0.49397,3513,0.01023,0.71676,0.63662,4591,0.00333,0.91667,0.66353,4822,0.00174,0.45362,0.79676,5718,0.00769,0.57771,0.83956,6046,0.00512,0.65924,0.97956,7000,0.00209,0.85467,0.92868,6705,0.00116,0.53552,0.34691,2472,0.00703,0.83171,0.50441,3658,0.00304,0.13962,0.21959,0.01023,0.048
91,9.1,0.80429,0.70529,5020,0.00273,0.17495,0.55397,3904,0.00155,0.56219,0.66735,4785,0.00999,0.46048,0.60059,4249,0.00884,0.44286,0.77265,5507,0.00476,0.87495,0.63926,4607,0.13962,0.71486,0.47882,3436,0.01318,0.48876,0.38853,2782,0.0102,0.47467,0.87912,6245,0.00463,0.69152,0.80662,5743,0.0152,0.58543,0.78647,5627,0.00967,0.84219,0.73985,5339,0.00611,0.71457,0.22103,1651,0.00365,0.71181,0.8025,5745,0.00292,0.44933,0.49294,3513,0.01023,0.71762,0.63721,4591,0.00333,0.91705,0.66103,4717,0.00158,0.45495,0.79426,5718,0.00769,0.58038,0.83662,5941,0.00504,0.6601,0.97794,7000,0.00209,0.85571,0.92794,6705,0.00116,0.53629,0.34662,2472,0.00703,0.83048,0.50279,3658,0.00304,0.13962,0.22375,0.01023,0.04776
92,9.2,0.78848,0.7075,5123,0.00271,0.17524,0.55324,3904,0.00155,0.56371,0.66706,4785,0.00999,0.46029,0.59868,4249,0.00884,0.44305,0.77103,5507,0.00476,0.876,0.63618,4607,0.13962,0.7139,0.47529,3435,0.01904,0.48933,0.3875,2782,0.0102,0.47505,0.8775,6245,0.00463,0.69171,0.80221,5743,0.0152,0.58648,0.78559,5627,0.00967,0.84219,0.73588,5339,0.00611,0.71486,0.21971,1546,0.00317,0.71219,0.7975,5745,0.00292,0.4499,0.49206,3513,0.01023,0.71819,0.63794,4591,0.00333,0.91771,0.65838,4717,0.00158,0.45619,0.79191,5613,0.00784,0.58257,0.83368,5942,0.00457,0.66086,0.97632,7000,0.00209,0.85629,0.92691,6705,0.00116,0.53705,0.34662,2472,0.00703,0.82905,0.50132,3658,0.00304,0.13962,0.22961,0.01023,0.04696
93,9.3,0.77181,0.71088,5122,0.00288,0.17543,0.5525,3904,0.00155,0.56514,0.66721,4785,0.00999,0.4599,0.59706,4249,0.00884,0.44324,0.76956,5507,0.00476,0.87657,0.63324,4608,0.00617,0.71295,0.47176,3435,0.01904,0.49,0.38676,2782,0.0102,0.47533,0.87574,6245,0.00463,0.6919,0.79794,5743,0.0152,0.58743,0.785,5627,0.00967,0.84171,0.73235,5234,0.03986,0.71514,0.21868,1546,0.00317,0.71238,0.7925,5640,0.00318,0.45057,0.49162,3513,0.01023,0.71848,0.63897,4591,0.00333,0.91857,0.65574,4717,0.00158,0.45743,0.78941,5614,0.00811,0.58457,0.83074,5942,0.00457,0.66171,0.97471,7000,0.00209,0.85648,0.92544,6600,0.0011,0.53771,0.34676,2472,0.00703,0.82743,0.50029,3657,0.00233,0.03986,0.12991,0.01023,0.04672
94,9.4,0.75629,0.71485,5120,0.00312,0.17543,0.55206,3904,0.00155,0.56648,0.66735,4785,0.00999,0.45943,0.59559,4249,0.00884,0.44352,0.76809,5507,0.00476,0.87667,0.63029,4503,0.02445,0.71181,0.46853,3330,0.01597,0.49048,0.38647,2782,0.0102,0.47533,0.87412,6245,0.00463,0.6919,0.79382,5638,0.01129,0.58838,0.78441,5627,0.00967,0.84095,0.72912,5234,0.03986,0.71543,0.21809,1546,0.00317,0.71229,0.78779,5640,0.00318,0.45114,0.49132,3513,0.01023,0.71838,0.64015,4591,0.00333,0.91943,0.65309,4717,0.00158,0.45838,0.78706,5614,0.00811,0.58629,0.82779,5942,0.00457,0.66267,0.97309,7000,0.00209,0.85619,0.92368,6600,0.0011,0.53838,0.34706,2472,0.00703,0.82571,0.49956,3552,0.0036,0.03986,0.14121,0.01023,0.04799
95,9.5,0.74181,0.71971,5118,0.00288,0.17543,0.55162,3904,0.00155,0.56762,0.66765,4785,0.00999,0.45876,0.59441,4249,0.00884,0.444,0.76662,5507,0.00476,0.87648,0.6275,4503,0.02445,0.71067,0.46544,3330,0.01597,0.49086,0.38647,2782,0.0102,0.47514,0.87235,6245,0.00463,0.69181,0.78971,5638,0.01129,0.58924,0.78382,5627,0.00967,0.8399,0.72603,5234,0.03986,0.71571,0.2175,1546,0.00317,0.7119,0.78324,5640,0.00318,0.45162,0.49132,3513,0.01023,0.7181,0.64147,4591,0.00333,0.92029,0.65029,4717,0.00158,0.45943,0.78485,5614,0.00811,0.58781,0.82471,5942,0.00457,0.66352,0.97162,7000,0.00209,0.85562,0.92176,6600,0.0011,0.53895,0.34765,2472,0.00703,0.824,0.49926,3552,0.0036,0.03986,0.14121,0.01023,0.04799
96,9.6,0.7281,0.72574,5222,0.00337,0.17533,0.55132,3904,0.00155,0.56857,0.66809,4785,0.00999,0.45781,0.59338,4249,0.00884,0.44448,0.76544,5507,0.00476,0.8761,0.625,4502,0.02367,0.70943,0.46235,3330,0.01597,0.49124,0.38662,2782,0.0102,0.47467,0.87059,6245,0.00463,0.69152,0.78588,5638,0.01129,0.5901,0.78338,5627,0.00967,0.83857,0.72353,5234,0.03986,0.7159,0.21735,1546,0.00317,0.71143,0.77897,5535,0.00327,0.45219,0.49162,3513,0.01023,0.71762,0.64294,4591,0.00333,0.92105,0.64765,4717,0.00158,0.46038,0.78279,5614,0.00811,0.58914,0.82162,5837,0.00528,0.66448,0.96985,6895,0.00461,0.85467,0.91971,6600,0.0011,0.53952,0.34838,2472,0.00703,0.82219,0.49926,3552,0.0036,0.03986,0.14043,0.01023,0.05131
97,9.7,0.71486,0.7275,5221,0.00284,0.17524,0.55118,3904,0.00155,0.56933,0.66838,4785,0.00999,0.45686,0.59265,4248,0.00677,0.44514,0.76426,5402,0.0066,0.87543,0.62279,4502,0.02367,0.7081,0.45956,3330,0.01597,0.49133,0.38706,2782,0.0102,0.47371,0.86868,6245,0.00463,0.69105,0.78191,5638,0.01129,0.59076,0.78294,5628,0.00956,0.83705,0.72118,5233,0.01148,0.71619,0.21735,1546,0.00317,0.71067,0.775,5535,0.00327,0.45257,0.49235,3513,0.01023,0.71686,0.64441,4591,0.00333,0.9219,0.64515,4612,0.00147,0.46143,0.78074,5614,0.00811,0.59019,0.81853,5837,0.00528,0.66533,0.96794,6895,0.00461,0.85343,0.91735,6600,0.0011,0.5401,0.34941,2472,0.00703,0.82038,0.49971,3552,0.0036,0.02367,0.11171,0.01023,0.0512
98,9.8,0.70352,0.72706,5219,0.00377,0.17514,0.55103,3904,0.00155,0.56971,0.66882,4785,0.00999,0.45571,0.59206,4248,0.00677,0.4459,0.76309,5402,0.0066,0.87448,0.62059,4502,0.02367,0.70667,0.45706,3330,0.01597,0.49114,0.38765,2782,0.0102,0.47267,0.86676,6140,0.00452,0.69038,0.77809,5533,0.01741,0.59152,0.78235,5628,0.00956,0.83533,0.71926,5128,0.02825,0.71629,0.21765,1546,0.00317,0.70962,0.77118,5535,0.00327,0.45295,0.49309,3513,0.01023,0.7159,0.64603,4591,0.00333,0.92267,0.64279,4612,0.00147,0.46257,0.77882,5509,0.0086,0.59105,0.81544,5838,0.00531,0.66629,0.96588,6895,0.00461,0.852,0.91485,6600,0.0011,0.54057,0.35059,2472,0.00703,0.81838,0.50029,3656,0.00552,0.02825,0.13449,0.01023,0.05364
99,9.9,0.6901,0.72721,5218,0.00449,0.17505,0.55088,3904,0.00155,0.5699,0.66897,4785,0.00999,0.45438,0.59162,4248,0.00677,0.44676,0.76176,5402,0.0066,0.87333,0.61882,4502,0.02367,0.70524,0.45456,3225,0.01431,0.49086,0.38838,2782,0.0102,0.47133,0.86485,6140,0.00452,0.68962,0.77426,5533,0.01741,0.5921,0.78162,5628,0.00956,0.83333,0.7175,5128,0.02825,0.71629,0.21794,1546,0.00317,0.70838,0.7675,5535,0.00327,0.45314,0.49412,3513,0.01023,0.71486,0.6475,4696,0.00455,0.92343,0.64059,4612,0.00147,0.46371,0.77662,5509,0.0086,0.59171,0.81235,5838,0.00531,0.66695,0.96368,6896,0.00308,0.85038,0.91221,6600,0.0011,0.54114,0.35206,2472,0.00703,0.81638,0.50103,3656,0.00552,0.02825,0.13283,0.01023,0.05333
100,10.0,0.67771,0.7275,5217,0.00385,0.17505,0.55074,3904,0.00155,0.56971,0.66912,4785,0.00999,0.45305,0.59118,4248,0.00677,0.44771,0.76059,5403,0.00611,0.8719,0.61706,4397,0.32715,0.70381,0.45235,3224,0.01868,0.49038,0.38941,2782,0.0102,0.46981,0.86279,6140,0.00452,0.68867,0.77059,5533,0.01741,0.59257,0.78074,5628,0.00956,0.83133,0.71618,5128,0.02825,0.71619,0.21853,1546,0.00317,0.70695,0.76412,5430,0.00339,0.45314,0.49515,3513,0.01023,0.71352,0.64897,4695,0.00368,0.9241,0.63838,4613,0.00175,0.46514,0.77426,5509,0.0086,0.5921,0.80926,5838,0.00531,0.66762,0.96132,6896,0.00308,0.84867,0.90956,6495,0.00111,0.54152,0.35397,2577,0.00778,0.81429,0.50206,3656,0.00552,0.32715,0.44019,0.01023,0.05362
101,10.1,0.66638,0.72838,5215,0.00602,0.17524,0.55074,3904,0.00155,0.56924,0.66912,4785,0.00999,0.45152,0.59088,4248,0.00677,0.44876,0.75941,5403,0.00611,0.87029,0.61559,4397,0.32715,0.70238,0.45044,3224,0.01868,0.48981,0.39044,2782,0.0102,0.4679,0.86088,6140,0.00452,0.68743,0.76706,5533,0.01741,0.59295,0.77971,5628,0.00956,0.82905,0.71529,5128,0.02825,0.716,0.21941,1546,0.00317,0.70524,0.76074,5430,0.00339,0.45305,0.49647,3513,0.01023,0.712,0.65029,4695,0.00368,0.92476,0.63632,4613,0.00175,0.46686,0.77176,5510,0.00804,0.5921,0.80632,5733,0.00484,0.66819,0.95882,6896,0.00308,0.84686,0.90662,6494,0.0016,0.542,0.35603,2577,0.00778,0.8121,0.50324,3656,0.00552,0.32715,0.44019,0.01023,0.05308
102,10.2,0.65419,0.72868,5214,0.00507,0.17533,0.55059,3904,0.00155,0.56838,0.66912,4785,0.00999,0.44981,0.59074,4248,0.00677,0.44981,0.75824,5403,0.00611,0.86838,0.61412,4397,0.32715,0.70076,0.44868,3224,0.01868,0.48943,0.39162,2782,0.0102,0.4659,0.85882,6139,0.0051,0.6861,0.76368,5428,0.01611,0.59314,0.77853,5523,0.0084,0.82648,0.71485,5127,0.02093,0.71562,0.22074,1651,0.00365,0.70333,0.75765,5429,0.00406,0.45276,0.49794,3513,0.01023,0.71029,0.65147,4695,0.00368,0.92543,0.63426,4613,0.00175,0.46905,0.76897,5510,0.00804,0.5921,0.80353,5733,0.00484,0.66876,0.95618,6896,0.00308,0.84486,0.90353,6494,0.0016,0.54238,0.35853,2577,0.00778,0.80971,0.50456,3656,0.00552,0.32715,0.43099,0.01023,0.05423
103,10.3,0.64276,0.72853,5213,0.00448,0.17552,0.55074,3904,0.00155,0.56733,0.66897,4785,0.00999,0.4481,0.59044,4248,0.00677,0.45114,0.75721,5403,0.00611,0.86648,0.61279,4396,0.09119,0.69914,0.44691,3224,0.01868,0.48914,0.39279,2782,0.0102,0.4639,0.85676,6139,0.0051,0.68457,0.76044,5427,0.01448,0.59324,0.77721,5523,0.0084,0.82371,0.71456,5127,0.02093,0.71524,0.22221,1651,0.00365,0.70114,0.75441,5429,0.00406,0.45229,0.49956,3513,0.01023,0.70857,0.6525,4695,0.00368,0.92619,0.63147,4508,0.00136,0.47152,0.76603,5510,0.00804,0.5919,0.80103,5733,0.00484,0.66933,0.95353,6791,0.00266,0.84267,0.90015,6494,0.0016,0.54276,0.36132,2577,0.00778,0.80724,0.50603,3655,0.00248,0.09119,0.1934,0.01023,0.05038
104,10.4,0.632,0.72824,5212,0.0038,0.17552,0.55074,3904,0.00155,0.5659,0.66897,4785,0.00999,0.44629,0.59015,4247,0.00875,0.45267,0.75603,5403,0.00611,0.86429,0.61176,4396,0.09119,0.69733,0.44544,3224,0.01868,0.48905,0.39412,2782,0.0102,0.462,0.85471,6139,0.0051,0.68286,0.75721,5427,0.01448,0.59305,0.77574,5523,0.0084,0.82076,0.71426,5127,0.02093,0.71486,0.22412,1651,0.00365,0.69876,0.75147,5429,0.00406,0.4519,0.50118,3618,0.01105,0.70667,0.65338,4695,0.00368,0.92695,0.62809,4508,0.00136,0.47429,0.76294,5405,0.00814,0.59162,0.79882,5733,0.00484,0.66971,0.95103,6791,0.00266,0.84048,0.89662,6389,0.00163,0.54324,0.36441,2578,0.00704,0.80448,0.5075,3655,0.00248,0.09119,0.19538,0.01105,0.05059
105,10.5,0.62191,0.72809,5211,0.0048,0.17543,0.55088,3904,0.00155,0.56419,0.66882,4785,0.00999,0.44429,0.59,4247,0.00875,0.45448,0.75471,5403,0.00611,0.862,0.61088,4396,0.09119,0.69562,0.44412,3224,0.01868,0.48895,0.39559,2782,0.0102,0.46,0.85265,6034,0.00622,0.68105,0.75412,5427,0.01448,0.59257,0.77426,5523,0.0084,0.81762,0.71412,5126,0.04282,0.71448,0.22618,1651,0.00365,0.69619,0.74853,5324,0.00496,0.45133,0.50294,3618,0.01105,0.70467,0.65441,4694,0.00322,0.92762,0.62471,4508,0.00136,0.47724,0.75971,5406,0.0082,0.59086,0.79691,5733,0.00484,0.6701,0.94838,6791,0.00266,0.8381,0.89294,6388,0.00125,0.54362,0.36765,2578,0.00704,0.80171,0.50897,3655,0.00248,0.09119,0.21839,0.01105,0.05071
106,10.6,0.61352,0.72471,5210,0.00391,0.17533,0.55118,3904,0.00155,0.56229,0.66868,4785,0.00999,0.44229,0.58985,4247,0.00875,0.45667,0.75309,5403,0.00611,0.85962,0.61015,4396,0.09119,0.69381,0.44309,3223,0.01437,0.48886,0.39721,2887,0.0076,0.458,0.85044,6034,0.00622,0.67914,0.75103,5427,0.01448,0.59171,0.77279,5523,0.0084,0.81438,0.71412,5126,0.04282,0.7139,0.22838,1650,0.00536,0.69343,0.74574,5323,0.00329,0.45057,0.50471,3618,0.01105,0.70248,0.655,4694,0.00322,0.92829,0.62162,4508,0.00136,0.48019,0.75647,5406,0.0082,0.58971,0.79515,5732,0.00448,0.67019,0.94588,6791,0.00266,0.83562,0.88912,6388,0.00125,0.54381,0.37103,2683,0.00704,0.79886,0.51044,3654,0.00317,0.09119,0.21148,0.01105,0.05108
107,10.7,0.60286,0.72206,5209,0.00489,0.17505,0.55162,3904,0.00155,0.5601,0.66853,4784,0.00924,0.44019,0.58985,4247,0.00875,0.45933,0.75147,5404,0.0065,0.85714,0.60956,4396,0.09119,0.6919,0.44221,3223,0.01437,0.48867,0.39897,2887,0.0076,0.456,0.84838,6033,0.00391,0.67714,0.74809,5322,0.01442,0.59067,0.77147,5523,0.0084,0.81114,0.71412,5126,0.04282,0.71343,0.23074,1650,0.00536,0.69057,0.74294,5323,0.00329,0.44971,0.50662,3618,0.01105,0.70029,0.65559,4694,0.00322,0.92886,0.61882,4508,0.00136,0.48333,0.75338,5406,0.0082,0.58838,0.79368,5627,0.00401,0.67019,0.94353,6791,0.00266,0.83295,0.88515,6388,0.00125,0.5439,0.37441,2683,0.00704,0.7959,0.51191,3654,0.00317,0.09119,0.20875,0.01105,0.05061
108,10.8,0.59324,0.72015,5103,0.00544,0.17476,0.55221,3904,0.00155,0.55781,0.66838,4784,0.00924,0.438,0.58985,4246,0.00738,0.46238,0.74956,5299,0.00569,0.85476,0.60897,4395,0.07886,0.6899,0.44162,3223,0.01437,0.48838,0.40074,2887,0.0076,0.4539,0.84618,6033,0.00391,0.67514,0.74529,5321,0.0129,0.58933,0.77015,5522,0.00952,0.80781,0.71397,5125,0.01072,0.71286,0.23338,1650,0.00536,0.68762,0.74029,5323,0.00329,0.44876,0.50868,3618,0.01105,0.6979,0.65588,4694,0.00322,0.92924,0.61603,4403,0.00172,0.48648,0.75044,5407,0.00735,0.58686,0.79221,5627,0.00401,0.67,0.94118,6686,0.00393,0.83029,0.88103,6283,0.00244,0.54381,0.37779,2683,0.00704,0.79295,0.51324,3654,0.00317,0.07886,0.16174,0.01105,0.05258
109,10.9,0.584,0.72015,5102,0.00658,0.17419,0.55279,3904,0.00155,0.55533,0.66809,4784,0.00924,0.43562,0.59015,4246,0.00738,0.46581,0.74765,5299,0.00569,0.85238,0.60853,4395,0.07886,0.6879,0.44103,3118,0.02704,0.4879,0.4025,2887,0.0076,0.4519,0.84412,6033,0.00391,0.67295,0.7425,5321,0.0129,0.58781,0.76897,5522,0.00952,0.80448,0.71382,5125,0.01072,0.7121,0.23603,1755,0.00325,0.68457,0.73794,5322,0.00466,0.44771,0.51088,3618,0.01105,0.69543,0.65618,4694,0.00322,0.92952,0.61338,4403,0.00172,0.48962,0.74779,5302,0.00772,0.58524,0.79103,5627,0.00401,0.66952,0.93897,6686,0.00393,0.82743,0.87691,6282,0.00212,0.54352,0.38118,2683,0.00704,0.7899,0.51456,3653,0.00259,0.07886,0.17441,0.01105,0.05131
110,11.0,0.5759,0.71956,5101,0.00618,0.17362,0.55338,3904,0.00155,0.55276,0.66794,4784,0.00924,0.43324,0.59044,4246,0.00738,0.46952,0.74574,5300,0.00667,0.85019,0.60824,4395,0.07886,0.6859,0.44059,3118,0.02704,0.48724,0.40426,2887,0.0076,0.45,0.84206,6033,0.00391,0.67076,0.73971,5321,0.0129,0.5861,0.76779,5522,0.00952,0.80124,0.71368,5125,0.01072,0.71133,0.23882,1755,0.00325,0.68143,0.73544,5322,0.00466,0.44648,0.51294,3617,0.00894,0.69295,0.65618,4693,0.00398,0.92962,0.61118,4403,0.00172,0.49257,0.74544,5302,0.00772,0.58343,0.78971,5627,0.00401,0.66905,0.93691,6686,0.00393,0.82467,0.87294,6282,0.00212,0.54314,0.38426,2788,0.00633,0.78695,0.51603,3758,0.00311,0.07886,0.17539,0.00894,0.04977
111,11.1,0.56733,0.71794,5100,0.00604,0.17286,0.55397,3904,0.00155,0.55,0.66779,4783,0.00864,0.43086,0.59074,4246,0.00738,0.47352,0.74368,5300,0.00667,0.848,0.60794,4395,0.07886,0.6839,0.44029,3117,0.01322,0.48638,0.40603,2887,0.0076,0.448,0.83985,6033,0.00391,0.66857,0.73706,5321,0.0129,0.58429,0.76662,5522,0.00952,0.7979,0.71338,5124,0.06919,0.71048,0.24176,1755,0.00325,0.67838,0.73309,5217,0.00385,0.44524,0.51515,3722,0.00934,0.69038,0.65603,4693,0.00398,0.92971,0.60926,4403,0.00172,0.49533,0.74353,5303,0.00837,0.58162,0.78853,5627,0.00401,0.66829,0.93485,6686,0.00393,0.82181,0.86912,6282,0.00212,0.54248,0.38721,2787,0.00652,0.784,0.51721,3758,0.00311,0.07886,0.21944,0.00934,0.0502
112,11.2,0.55895,0.71559,5099,0.00609,0.172,0.55441,3904,0.00155,0.54724,0.66765,4783,0.00864,0.42838,0.59118,4245,0.00627,0.47771,0.74147,5301,0.00823,0.84571,0.60794,4394,0.02278,0.68181,0.44,3117,0.01322,0.48533,0.40779,2886,0.00875,0.44619,0.83765,5927,0.00458,0.66629,0.73426,5215,0.01016,0.58248,0.76559,5522,0.00952,0.79448,0.71294,5124,0.06919,0.70943,0.24456,1755,0.00325,0.67524,0.73059,5216,0.00395,0.4439,0.51735,3722,0.00934,0.68781,0.65588,4693,0.00398,0.92962,0.60765,4403,0.00172,0.498,0.74191,5303,0.00837,0.57981,0.78706,5626,0.00474,0.66752,0.93279,6686,0.00393,0.81895,0.86515,6176,0.00209,0.54171,0.39,2787,0.00652,0.78095,0.51838,3757,0.00413,0.06919,0.16289,0.00934,0.05202
113,11.3,0.55124,0.71221,5098,0.00757,0.17133,0.55471,3903,0.00329,0.54448,0.66735,4783,0.00864,0.4259,0.59176,4245,0.00627,0.4819,0.73926,5301,0.00823,0.84352,0.60809,4394,0.02278,0.6799,0.43971,3117,0.01322,0.4841,0.40941,2886,0.00875,0.44438,0.83529,5927,0.00458,0.6639,0.73162,5215,0.01016,0.58057,0.76441,5416,0.00918,0.79114,0.7125,5124,0.06919,0.70829,0.24735,1755,0.00325,0.67219,0.72809,5216,0.00395,0.44248,0.51971,3722,0.00934,0.68524,0.65544,4692,0.00418,0.92952,0.60603,4403,0.00172,0.50048,0.74074,5303,0.00837,0.57781,0.78559,5626,0.00474,0.66667,0.93088,6686,0.00393,0.8161,0.86147,6176,0.00209,0.54086,0.3925,2787,0.00652,0.7781,0.51956,3757,0.00413,0.06919,0.16429,0.00934,0.05222
114,11.4,0.54362,0.70912,5098,0.00757,0.17057,0.555,3903,0.00329,0.54181,0.66721,4782,0.00873,0.42362,0.59221,4245,0.00627,0.4861,0.73706,5302,0.00592,0.84124,0.60809,4394,0.02278,0.6779,0.43941,3117,0.01322,0.48286,0.41088,2886,0.00875,0.44267,0.83294,5927,0.00458,0.66152,0.72882,5215,0.01016,0.57886,0.76324,5416,0.00918,0.78762,0.71221,5123,0.02729,0.70705,0.25015,1860,0.0036,0.66905,0.72559,5216,0.00395,0.44114,0.52206,3722,0.00934,0.68267,0.655,4692,0.00418,0.92933,0.60441,4403,0.00172,0.50295,0.73971,5303,0.00837,0.57581,0.78397,5626,0.00474,0.6659,0.92897,6685,0.00378,0.81333,0.85765,6176,0.00209,0.5399,0.39485,2787,0.00652,0.77524,0.52073,3757,0.00413,0.02729,0.12017,0.00934,0.05242
115,11.5,0.53657,0.70838,5097,0.00623,0.16981,0.55515,3903,0.00329,0.53924,0.66691,4782,0.00873,0.42124,0.59265,4245,0.00627,0.49019,0.735,5197,0.00634,0.83895,0.60824,4394,0.02278,0.676,0.43912,3116,0.0172,0.48171,0.41221,2991,0.00755,0.44095,0.83074,5927,0.00458,0.65914,0.72618,5215,0.01016,0.57733,0.76221,5416,0.00918,0.7841,0.71176,5123,0.02729,0.70581,0.25294,1860,0.0036,0.6659,0.72294,5215,0.00602,0.4399,0.52456,3722,0.00934,0.68029,0.65426,4692,0.00418,0.92905,0.60265,4298,0.00197,0.50533,0.73926,5304,0.00592,0.57371,0.78235,5626,0.00474,0.66524,0.92691,6685,0.00378,0.81048,0.85397,6176,0.00209,0.53886,0.39691,2787,0.00652,0.77248,0.52206,3757,0.00413,0.02729,0.12337,0.00934,0.05229
116,11.6,0.52952,0.7075,5096,0.00725,0.16905,0.55515,3903,0.00329,0.53686,0.66662,4782,0.00873,0.41905,0.59294,4245,0.00627,0.4939,0.73279,5197,0.00634,0.83667,0.60838,4393,0.03349,0.6741,0.43868,3116,0.0172,0.48067,0.41338,2991,0.00755,0.43933,0.82838,5927,0.00458,0.65657,0.72368,5214,0.01141,0.57581,0.76088,5416,0.00918,0.78048,0.71132,5122,0.02848,0.70467,0.25574,1859,0.00339,0.66286,0.72,5110,0.00479,0.43876,0.52706,3722,0.00934,0.67781,0.65353,4692,0.00418,0.92867,0.60074,4298,0.00197,0.50771,0.73882,5304,0.00592,0.57171,0.78074,5626,0.00474,0.66457,0.925,6580,0.00278,0.80762,0.85,6070,0.00281,0.53771,0.39897,2892,0.00791,0.76981,0.52324,3756,0.00309,0.03349,0.13652,0.00934,0.05092
117,11.7,0.522,0.70735,5095,0.00709,0.16829,0.55515,3903,0.00329,0.53448,0.66632,4782,0.00873,0.41705,0.59323,4244,0.00746,0.49752,0.73074,5198,0.00965,0.83438,0.60853,4393,0.03349,0.67219,0.43824,3116,0.0172,0.47971,0.41441,2991,0.00755,0.4379,0.82618,5926,0.00519,0.6541,0.72103,5214,0.01141,0.57448,0.75971,5416,0.00918,0.77695,0.71074,5122,0.02848,0.70352,0.25838,1859,0.00339,0.65981,0.71676,5110,0.00479,0.43762,0.52956,3826,0.0107,0.67552,0.65265,4691,0.00361,0.92819,0.59853,4298,0.00197,0.50981,0.73853,5304,0.00592,0.56962,0.77912,5520,0.00769,0.664,0.92279,6580,0.00278,0.80486,0.84603,6070,0.00281,0.53648,0.40088,2892,0.00791,0.76733,0.52441,3756,0.00309,0.03349,0.14163,0.0107,0.05466
118,11.8,0.51524,0.70309,4990,0.00824,0.16752,0.55515,3903,0.00329,0.53238,0.66588,4781,0.00861,0.41524,0.59353,4244,0.00746,0.50076,0.72853,5198,0.00965,0.8321,0.60882,4393,0.03349,0.67038,0.43779,3116,0.0172,0.47886,0.41529,2991,0.00755,0.43638,0.82397,5926,0.00519,0.65152,0.71853,5109,0.01608,0.57324,0.75838,5416,0.00918,0.77343,0.71015,5122,0.02848,0.70248,0.26103,1859,0.00339,0.65686,0.71338,5109,0.00427,0.43667,0.53191,3826,0.0107,0.67314,0.65162,4691,0.00361,0.92762,0.59603,4298,0.00197,0.51171,0.73794,5304,0.00592,0.56762,0.77735,5520,0.00769,0.66343,0.92059,6580,0.00278,0.802,0.84191,6070,0.00281,0.53533,0.40294,2892,0.00791,0.76486,0.52529,3756,0.00309,0.03349,0.14618,0.0107,0.05414
119,11.9,0.51286,0.69544,4989,0.00828,0.16676,0.555,3903,0.00329,0.53038,0.66544,4781,0.00861,0.41362,0.59353,4244,0.00746,0.50381,0.72603,5198,0.00965,0.82981,0.60897,4393,0.03349,0.66867,0.43735,3116,0.0172,0.478,0.41603,2991,0.00755,0.43495,0.82191,5821,0.00547,0.64905,0.71603,5109,0.01608,0.572,0.75706,5416,0.00918,0.7699,0.70926,5121,0.01645,0.70152,0.26353,1859,0.00339,0.654,0.70985,5109,0.00427,0.43571,0.53412,3826,0.0107,0.67086,0.65044,4691,0.00361,0.92714,0.59368,4298,0.00197,0.51343,0.73721,5304,0.00592,0.56562,0.77574,5520,0.00769,0.66295,0.91824,6580,0.00278,0.79914,0.83765,5964,0.00167,0.5341,0.40515,2892,0.00791,0.76257,0.52618,3756,0.00309,0.03349,0.13443,0.0107,0.053
120,12.0,0.518,0.68912,4885,0.008,0.1661,0.55471,3903,0.00329,0.52848,0.66485,4781,0.00861,0.4121,0.59353,4244,0.00746,0.50657,0.72338,5199,0.00856,0.82752,0.60926,4392,0.0406,0.66695,0.43691,3116,0.0172,0.47733,0.41662,2991,0.00755,0.43352,0.82,5821,0.00547,0.64667,0.71353,5108,0.01062,0.57086,0.75574,5415,0.00827,0.76648,0.70838,5121,0.01645,0.70067,0.26603,1964,0.00467,0.65124,0.70618,5109,0.00427,0.43486,0.53632,3826,0.0107,0.66867,0.64897,4691,0.00361,0.92648,0.59103,4298,0.00197,0.51486,0.73588,5305,0.00823,0.56371,0.77426,5520,0.00769,0.66248,0.91574,6580,0.00278,0.79638,0.83353,5964,0.00167,0.53286,0.4075,2891,0.00814,0.76038,0.52706,3755,0.00267,0.0406,0.13408,0.0107,0.0564
121,12.1,0.52486,0.68485,4886,0.00745,0.16543,0.55441,3903,0.00329,0.52676,0.66426,4781,0.00861,0.41067,0.59323,4244,0.00746,0.50914,0.72059,5094,0.00579,0.82533,0.60971,4392,0.0406,0.66533,0.43691,3115,0.01977,0.47676,0.41706,2991,0.00755,0.4321,0.81824,5821,0.00547,0.64438,0.71132,5108,0.01062,0.5699,0.75441,5415,0.00827,0.76314,0.70735,5121,0.01645,0.69981,0.26838,1964,0.00467,0.64857,0.7025,5004,0.00452,0.43419,0.53838,3826,0.0107,0.66648,0.64735,4690,0.00431,0.92581,0.58823,4193,0.00179,0.51619,0.73426,5200,0.00726,0.56181,0.77265,5519,0.00476,0.6621,0.91324,6580,0.00278,0.79362,0.82926,5964,0.00167,0.53162,0.40985,2891,0.00814,0.75829,0.52779,3755,0.00267,0.0406,0.13388,0.0107,0.05327
122,12.2,0.53038,0.67956,4886,0.00745,0.16476,0.55397,3903,0.00329,0.52514,0.66338,4781,0.00861,0.40952,0.5925,4244,0.00746,0.51152,0.71735,5094,0.00579,0.82305,0.61015,4392,0.0406,0.66381,0.43706,3115,0.01977,0.47648,0.41721,2991,0.00755,0.43076,0.81662,5821,0.00547,0.6421,0.70897,5108,0.01062,0.56895,0.75294,5415,0.00827,0.75971,0.70632,5120,0.01899,0.69905,0.27074,1964,0.00467,0.646,0.69868,5003,0.00432,0.43352,0.54015,3826,0.0107,0.66448,0.64529,4585,0.00527,0.92514,0.58515,4193,0.00179,0.51743,0.73235,5200,0.00726,0.5601,0.77118,5519,0.00476,0.66162,0.91059,6475,0.00381,0.79086,0.825,5964,0.00167,0.53038,0.41235,2996,0.0075,0.75619,0.52838,3755,0.00267,0.0406,0.13642,0.0107,0.05442
123,12.3,0.5361,0.67353,4782,0.0059,0.164,0.55338,3903,0.00329,0.52362,0.6625,4780,0.00746,0.40848,0.59176,4243,0.00513,0.51352,0.71426,5094,0.00579,0.82076,0.61074,4392,0.0406,0.66238,0.43779,3115,0.01977,0.47629,0.4175,2991,0.00755,0.42952,0.815,5821,0.00547,0.64,0.70691,5108,0.01062,0.568,0.75147,5415,0.00827,0.75638,0.70529,5015,0.00986,0.69829,0.27309,1964,0.00467,0.64343,0.695,5003,0.00432,0.43295,0.54162,3826,0.0107,0.66248,0.64279,4585,0.00527,0.92438,0.58206,4193,0.00179,0.51848,0.73,5200,0.00726,0.55838,0.76971,5519,0.00476,0.66124,0.90809,6475,0.00381,0.7881,0.82088,5858,0.0026,0.52933,0.41471,2996,0.0075,0.75419,0.52897,3755,0.00267,0.0406,0.12381,0.0107,0.05535
124,12.4,0.5419,0.66662,4782,0.0059,0.16324,0.55265,3903,0.00329,0.5221,0.66118,4675,0.00652,0.40762,0.59059,4243,0.00513,0.51524,0.71088,5095,0.00764,0.81848,0.61132,4391,0.0102,0.66105,0.43897,3115,0.01977,0.47638,0.4175,2991,0.00755,0.42857,0.81368,5820,0.00462,0.63791,0.70471,5002,0.01098,0.56724,0.74985,5310,0.0082,0.75314,0.70441,5015,0.00986,0.69771,0.27559,1964,0.00467,0.64105,0.69088,4898,0.00583,0.43248,0.54265,3826,0.0107,0.66048,0.63985,4585,0.00527,0.92362,0.57912,4192,0.00136,0.51952,0.7275,5200,0.00726,0.55667,0.76838,5519,0.00476,0.66086,0.90574,6475,0.00381,0.78543,0.81662,5858,0.0026,0.52829,0.41721,2996,0.0075,0.75219,0.52956,3859,0.00324,0.01977,0.09376,0.0107,0.057
125,12.5,0.54781,0.65868,4678,0.00621,0.16248,0.55191,3903,0.00329,0.52067,0.65971,4675,0.00652,0.40686,0.58927,4243,0.00513,0.51667,0.7075,5095,0.00764,0.81619,0.61206,4391,0.0102,0.6599,0.44074,3115,0.01977,0.47667,0.41735,2991,0.00755,0.42771,0.81235,5820,0.00462,0.636,0.70265,5002,0.01098,0.56657,0.74794,5310,0.0082,0.74971,0.70353,5014,0.01271,0.69724,0.27794,1964,0.00467,0.63867,0.68676,4898,0.00583,0.4321,0.54324,3826,0.0107,0.65857,0.63647,4585,0.00527,0.92295,0.57618,4192,0.00136,0.52067,0.72515,5200,0.00726,0.55514,0.76706,5519,0.00476,0.66048,0.90338,6475,0.00381,0.78276,0.81235,5858,0.0026,0.52743,0.41941,2996,0.0075,0.75029,0.52985,3859,0.00324,0.01977,0.09661,0.0107,0.057
126,12.6,0.55429,0.6525,4679,0.00645,0.1619,0.55103,3903,0.00329,0.51933,0.65779,4675,0.00652,0.40638,0.58765,4138,0.00555,0.51771,0.70397,4990,0.00927,0.81381,0.61294,4391,0.0102,0.65886,0.44294,3220,0.01621,0.47714,0.41721,2991,0.00755,0.42705,0.81103,5820,0.00462,0.63419,0.70059,5002,0.01098,0.5661,0.74603,5310,0.0082,0.74638,0.70235,5014,0.01271,0.69676,0.28029,2069,0.00384,0.63648,0.68265,4897,0.00477,0.43171,0.54353,3826,0.0107,0.65676,0.63265,4584,0.00496,0.92229,0.57324,4087,0.00287,0.5219,0.72279,5200,0.00726,0.55362,0.76559,5519,0.00476,0.66019,0.90118,6475,0.00381,0.7801,0.80794,5752,0.00213,0.52676,0.42162,2996,0.0075,0.74848,0.53,3859,0.00324,0.01621,0.0951,0.0107,0.05584
127,12.7,0.56105,0.64485,4574,0.00617,0.16143,0.55,3902,0.00242,0.5181,0.65559,4675,0.00652,0.4059,0.58603,4138,0.00555,0.51848,0.70059,4990,0.00927,0.81133,0.61368,4391,0.0102,0.6579,0.44574,3220,0.01621,0.4779,0.41691,2991,0.00755,0.42667,0.80971,5820,0.00462,0.63248,0.69838,5002,0.01098,0.56562,0.74412,5310,0.0082,0.74305,0.70103,5014,0.01271,0.69648,0.28265,2069,0.00384,0.63429,0.67853,4897,0.00477,0.43143,0.54353,3826,0.0107,0.65505,0.62824,4479,0.00303,0.92171,0.57029,4087,0.00287,0.52324,0.72074,5200,0.00726,0.55219,0.76441,5413,0.00611,0.6599,0.89926,6475,0.00381,0.77743,0.80368,5752,0.00213,0.52619,0.42368,2996,0.0075,0.74657,0.53,3859,0.00324,0.01621,0.09423,0.0107,0.05526
128,12.8,0.56838,0.63691,4575,0.00586,0.16095,0.54897,3902,0.00242,0.51714,0.65294,4675,0.00652,0.40562,0.58397,4138,0.00555,0.51867,0.69721,4990,0.00927,0.80876,0.61426,4390,0.02797,0.65705,0.44897,3219,0.01464,0.47876,0.41647,2991,0.00755,0.42638,0.80838,5715,0.00505,0.63086,0.69603,5002,0.01098,0.56533,0.74191,5310,0.0082,0.73971,0.69971,5013,0.02525,0.69629,0.285,2069,0.00384,0.63229,0.67426,4792,0.00534,0.43105,0.54309,3826,0.0107,0.65343,0.62338,4479,0.00303,0.92105,0.56735,4087,0.00287,0.52486,0.71926,5096,0.00725,0.55076,0.76324,5413,0.00611,0.65971,0.89735,6475,0.00381,0.77486,0.79926,5752,0.00213,0.5259,0.42544,2996,0.0075,0.74476,0.52985,3859,0.00324,0.02797,0.1234,0.0107,0.05582
129,12.9,0.576,0.62838,4471,0.00598,0.16057,0.54809,3902,0.00242,0.51629,0.65,4675,0.00652,0.40552,0.58176,4138,0.00555,0.51838,0.69397,4990,0.00927,0.8061,0.61485,4390,0.02797,0.65619,0.45265,3219,0.01464,0.4799,0.41588,2991,0.00755,0.42638,0.80721,5715,0.00505,0.62943,0.69353,5002,0.01098,0.56505,0.73956,5310,0.0082,0.73648,0.69794,5013,0.02525,0.69619,0.2875,2069,0.00384,0.63048,0.66985,4792,0.00534,0.43076,0.54235,3826,0.0107,0.6521,0.61809,4479,0.00303,0.92048,0.56456,4087,0.00287,0.52657,0.71824,5096,0.00725,0.54943,0.76191,5413,0.00611,0.65952,0.89574,6370,0.00297,0.77238,0.79485,5752,0.00213,0.52581,0.42676,3101,0.0069,0.74295,0.52926,3754,0.00343,0.02797,0.1234,0.0107,0.05457
130,13.0,0.58286,0.61794,4472,0.00624,0.16029,0.54706,3902,0.00242,0.51562,0.64691,4570,0.01082,0.40562,0.57956,4138,0.00555,0.51752,0.69088,4885,0.00803,0.80333,0.61529,4390,0.02797,0.65543,0.45647,3324,0.01202,0.48114,0.41515,2991,0.00755,0.42648,0.80588,5715,0.00505,0.62809,0.69074,4896,0.01169,0.56495,0.73721,5310,0.0082,0.73333,0.69603,5012,0.01341,0.69619,0.29,2069,0.00384,0.62886,0.66574,4792,0.00534,0.43038,0.54132,3826,0.0107,0.65076,0.61265,4374,0.0042,0.9199,0.56176,4087,0.00287,0.52838,0.71765,5096,0.00725,0.548,0.76088,5413,0.00611,0.65943,0.89412,6370,0.00297,0.77,0.79044,5646,0.0031,0.526,0.42794,3101,0.0069,0.74114,0.52853,3753,0.0031,0.02797,0.11271,0.0107,0.05638
131,13.1,0.59038,0.60794,4367,0.00514,0.16,0.54603,3902,0.00242,0.51533,0.64368,4570,0.01082,0.4059,0.57691,4138,0.00555,0.5161,0.68809,4885,0.00803,0.80038,0.61544,4390,0.02797,0.65457,0.46044,3324,0.01202,0.48248,0.41441,2991,0.00755,0.42667,0.80471,5715,0.00505,0.62705,0.68794,4896,0.01169,0.56476,0.73471,5205,0.00878,0.73019,0.69397,5012,0.01341,0.69629,0.2925,2069,0.00384,0.62743,0.66147,4686,0.0055,0.4299,0.54,3826,0.0107,0.64971,0.60676,4374,0.0042,0.91933,0.55897,4087,0.00287,0.53019,0.7175,5096,0.00725,0.54667,0.75985,5413,0.00611,0.65924,0.89265,6370,0.00297,0.76771,0.78603,5646,0.0031,0.52638,0.42882,3101,0.0069,0.73943,0.52735,3753,0.0031,0.02797,0.11329,0.0107,0.05654
132,13.2,0.59724,0.59765,4263,0.00513,0.15981,0.54515,3902,0.00242,0.51533,0.64,4570,0.01082,0.40629,0.57412,4138,0.00555,0.514,0.68559,4884,0.0068,0.79724,0.61559,4389,0.03717,0.65381,0.46426,3324,0.01202,0.4839,0.41338,2991,0.00755,0.42695,0.80368,5715,0.00505,0.62619,0.68471,4896,0.01169,0.56457,0.73221,5205,0.00878,0.72724,0.69162,5012,0.01341,0.69648,0.295,2174,0.00378,0.62629,0.65735,4686,0.0055,0.42943,0.53838,3826,0.0107,0.64867,0.60088,4269,0.00455,0.91895,0.55632,3982,0.00214,0.532,0.71735,5096,0.00725,0.54543,0.75882,5413,0.00611,0.65914,0.89118,6370,0.00297,0.76543,0.78147,5646,0.0031,0.52695,0.42941,3101,0.0069,0.73771,0.52618,3753,0.0031,0.03717,0.12126,0.0107,0.0561
133,13.3,0.604,0.58632,4159,0.00535,0.15981,0.54426,3902,0.00242,0.51562,0.63632,4570,0.01082,0.40686,0.57118,4033,0.0079,0.51133,0.68324,4884,0.0068,0.7941,0.61559,4389,0.03717,0.65286,0.46809,3324,0.01202,0.48533,0.41221,2991,0.00755,0.42724,0.8025,5715,0.00505,0.62552,0.68132,4896,0.01169,0.56448,0.72956,5205,0.00878,0.72457,0.68897,4907,0.01821,0.69667,0.2975,2174,0.00378,0.62543,0.65338,4686,0.0055,0.42886,0.53677,3826,0.0107,0.64781,0.59485,4269,0.00455,0.91876,0.55397,3982,0.00214,0.53371,0.71735,5097,0.00623,0.54429,0.75779,5413,0.00611,0.65914,0.88956,6370,0.00297,0.76324,0.77706,5541,0.00403,0.52771,0.42971,3101,0.0069,0.736,0.52471,3753,0.0031,0.03717,0.12841,0.0107,0.05601
134,13.4,0.61076,0.57324,4055,0.00529,0.15981,0.54338,3797,0.00206,0.51619,0.63221,4465,0.00768,0.40733,0.56809,4033,0.0079,0.50838,0.68103,4884,0.0068,0.79095,0.61544,4389,0.03717,0.65181,0.47147,3429,0.01554,0.48686,0.41088,2887,0.0076,0.42752,0.80147,5715,0.00505,0.62514,0.6775,4896,0.01169,0.56429,0.72706,5205,0.00878,0.722,0.68574,4906,0.01393,0.69667,0.29971,2174,0.00378,0.62486,0.64956,4686,0.0055,0.42838,0.535,3825,0.01017,0.64705,0.58882,4268,0.00457,0.91857,0.55162,3982,0.00214,0.53514,0.71735,5097,0.00623,0.54324,0.75676,5413,0.00611,0.65914,0.88779,6370,0.00297,0.76105,0.77265,5540,0.00249,0.52848,0.42956,3101,0.0069,0.73438,0.52324,3753,0.0031,0.03717,0.1242,0.01017,0.05396
135,13.5,0.61781,0.56015,4055,0.00529,0.15971,0.5425,3797,0.00206,0.51695,0.62809,4465,0.00768,0.40781,0.565,4033,0.0079,0.50505,0.67897,4884,0.0068,0.78771,0.61515,4388,0.02079,0.65067,0.47456,3429,0.01554,0.48829,0.40956,2887,0.0076,0.42771,0.80044,5715,0.00505,0.62486,0.67353,4791,0.01085,0.5641,0.72456,5205,0.00878,0.71943,0.68235,4906,0.01393,0.69657,0.30162,2174,0.00378,0.62448,0.64603,4581,0.00519,0.4279,0.53309,3825,0.01017,0.64629,0.58279,4163,0.00523,0.91848,0.54926,3982,0.00214,0.53648,0.71735,5097,0.00623,0.54229,0.75574,5412,0.0065,0.65924,0.88603,6370,0.00297,0.75895,0.76824,5540,0.00249,0.52943,0.42912,3101,0.0069,0.73286,0.52162,3752,0.0035,0.02079,0.10698,0.01017,0.0551
136,13.6,0.62248,0.54897,3951,0.00493,0.15962,0.54147,3797,0.00206,0.518,0.62368,4465,0.00768,0.40829,0.56176,4033,0.0079,0.50152,0.67721,4883,0.00513,0.78457,0.61471,4388,0.02079,0.64933,0.47706,3429,0.01554,0.48962,0.40794,2887,0.0076,0.4279,0.79926,5715,0.00505,0.62467,0.66926,4791,0.01085,0.5639,0.72206,5205,0.00878,0.71695,0.67882,4906,0.01393,0.69619,0.30338,2174,0.00378,0.62429,0.64235,4581,0.00519,0.42743,0.53118,3825,0.01017,0.64562,0.57662,4163,0.00523,0.91857,0.54691,3982,0.00214,0.53752,0.71706,5097,0.00623,0.54143,0.75456,5412,0.0065,0.65933,0.88412,6370,0.00297,0.75695,0.76368,5435,0.00323,0.53029,0.42838,3101,0.0069,0.73133,0.51985,3752,0.0035,0.02079,0.10531,0.01017,0.05584
137,13.7,0.62638,0.53588,3846,0.00539,0.15943,0.54059,3797,0.00206,0.51924,0.61912,4465,0.00768,0.40867,0.55853,3928,0.00563,0.498,0.67544,4778,0.00572,0.78152,0.61412,4388,0.02079,0.64781,0.47882,3429,0.01554,0.49095,0.40618,2887,0.0076,0.428,0.79794,5715,0.00505,0.62457,0.66485,4791,0.01085,0.56381,0.71956,5100,0.0102,0.71467,0.675,4801,0.02788,0.69562,0.30456,2174,0.00378,0.62438,0.63882,4581,0.00519,0.42695,0.52912,3720,0.00989,0.64486,0.57029,4058,0.00429,0.91867,0.54471,3982,0.00214,0.53829,0.71662,5097,0.00623,0.54067,0.75338,5412,0.0065,0.65933,0.88206,6265,0.00308,0.75495,0.75941,5435,0.00323,0.53124,0.42735,3101,0.0069,0.7299,0.51809,3752,0.0035,0.02788,0.119,0.00989,0.05473
138,13.8,0.63029,0.52544,3742,0.00458,0.15914,0.53956,3797,0.00206,0.52057,0.61426,4360,0.00668,0.40905,0.55515,3928,0.00563,0.49438,0.67397,4777,0.00678,0.77838,0.61353,4387,0.02598,0.6461,0.48,3428,0.01405,0.49219,0.40441,2887,0.0076,0.4281,0.79662,5715,0.00505,0.62457,0.66044,4686,0.01002,0.56362,0.71706,5100,0.0102,0.71238,0.67088,4800,0.01241,0.69486,0.30544,2173,0.00419,0.62457,0.63529,4581,0.00519,0.42648,0.52691,3720,0.00989,0.644,0.56382,4058,0.00429,0.91876,0.5425,3877,0.00203,0.53867,0.71603,5097,0.00623,0.54,0.75206,5412,0.0065,0.65943,0.87971,6265,0.00308,0.75295,0.75485,5435,0.00323,0.5321,0.42632,2996,0.0075,0.72857,0.51632,3752,0.0035,0.02598,0.10646,0.00989,0.05563
139,13.9,0.63333,0.515,3742,0.00458,0.15876,0.53838,3797,0.00206,0.5219,0.60926,4360,0.00668,0.40924,0.55162,3928,0.00563,0.49086,0.67235,4777,0.00678,0.77543,0.61279,4387,0.02598,0.64438,0.48029,3428,0.01405,0.49324,0.40235,2887,0.0076,0.42819,0.795,5715,0.00505,0.62457,0.65574,4686,0.01002,0.56352,0.71456,5100,0.0102,0.71019,0.66662,4800,0.01241,0.69381,0.30573,2173,0.00419,0.62495,0.63162,4476,0.00515,0.4259,0.52471,3720,0.00989,0.64314,0.55735,3953,0.00457,0.91895,0.54044,3877,0.00203,0.53886,0.71529,5097,0.00623,0.53933,0.75074,5412,0.0065,0.65952,0.87706,6265,0.00308,0.75105,0.75044,5434,0.00352,0.53295,0.42485,2996,0.0075,0.72743,0.51456,3647,0.00391,0.02598,0.10646,0.00989,0.05657
140,14.0,0.63543,0.50338,3637,0.00453,0.15848,0.53706,3797,0.00206,0.52333,0.60397,4360,0.00668,0.40943,0.54809,3928,0.00563,0.48752,0.67074,4777,0.00678,0.77257,0.61191,4387,0.02598,0.64248,0.47985,3428,0.01405,0.49419,0.40029,2887,0.0076,0.4281,0.79338,5610,0.00474,0.62457,0.65118,4686,0.01002,0.56343,0.71206,5100,0.0102,0.70819,0.66206,4800,0.01241,0.69257,0.30573,2173,0.00419,0.62543,0.62794,4476,0.00515,0.42524,0.52221,3720,0.00989,0.64219,0.55059,3953,0.00457,0.91914,0.53838,3877,0.00203,0.53857,0.71441,5097,0.00623,0.53876,0.74926,5307,0.00569,0.65962,0.87426,6265,0.00308,0.74905,0.74603,5329,0.00297,0.53371,0.42324,2997,0.00742,0.72629,0.51265,3647,0.00391,0.02598,0.10615,0.00989,0.05513
141,14.1,0.63714,0.49044,3532,0.006,0.1581,0.53573,3797,0.00206,0.52476,0.59838,4256,0.00865,0.40952,0.54441,3929,0.00509,0.48429,0.66912,4776,0.00745,0.76962,0.61103,4386,0.0222,0.64057,0.47882,3428,0.01405,0.49514,0.39809,2887,0.0076,0.4281,0.79162,5610,0.00474,0.62438,0.64662,4581,0.01188,0.56333,0.70941,5100,0.0102,0.7061,0.6575,4695,0.01577,0.69114,0.30529,2173,0.00419,0.62609,0.62412,4476,0.00515,0.42457,0.51971,3720,0.00989,0.64124,0.54382,3848,0.00467,0.91924,0.53632,3877,0.00203,0.538,0.71338,5097,0.00623,0.53819,0.74779,5307,0.00569,0.65971,0.87103,6265,0.00308,0.74714,0.74147,5329,0.00297,0.53438,0.42147,2997,0.00742,0.72514,0.51074,3647,0.00391,0.0222,0.10969,0.00989,0.05523
142,14.2,0.63771,0.47735,3427,0.00529,0.15771,0.53426,3797,0.00206,0.5261,0.59265,4256,0.00865,0.40952,0.54059,3824,0.00499,0.48114,0.66735,4776,0.00745,0.76686,0.61,4386,0.0222,0.63857,0.47706,3428,0.01405,0.496,0.39574,2783,0.00942,0.4281,0.78956,5610,0.00474,0.62429,0.64221,4581,0.01188,0.56324,0.70676,5100,0.0102,0.7041,0.65265,4694,0.0565,0.68962,0.30456,2173,0.00419,0.62676,0.62029,4476,0.00515,0.42381,0.51706,3720,0.00989,0.64019,0.53691,3848,0.00467,0.91933,0.53426,3877,0.00203,0.53724,0.7125,5097,0.00623,0.53762,0.74618,5307,0.00569,0.65971,0.86765,6160,0.00359,0.74524,0.73676,5329,0.00297,0.53495,0.41956,2997,0.00742,0.72419,0.50868,3647,0.00391,0.0565,0.15214,0.00989,0.05574
143,14.3,0.63762,0.46471,3322,0.00623,0.15743,0.53265,3797,0.00206,0.52743,0.58691,4151,0.00894,0.40943,0.53677,3823,0.00522,0.4781,0.66544,4776,0.00745,0.7641,0.60868,4386,0.0222,0.63657,0.47471,3427,0.01226,0.49686,0.39309,2783,0.00942,0.428,0.78765,5610,0.00474,0.62419,0.63765,4581,0.01188,0.56324,0.70412,4995,0.01064,0.70219,0.64765,4694,0.0565,0.688,0.30368,2173,0.00419,0.62762,0.61647,4371,0.00467,0.42295,0.51441,3615,0.01055,0.63924,0.52985,3848,0.00467,0.91933,0.53235,3877,0.00203,0.53629,0.71132,5097,0.00623,0.53695,0.74471,5307,0.00569,0.65971,0.86412,6160,0.00359,0.74333,0.73206,5224,0.00364,0.53552,0.41735,2997,0.00742,0.72314,0.50662,3646,0.00381,0.0565,0.15131,0.01055,0.05649
144,14.4,0.63762,0.45162,3217,0.00483,0.15714,0.53118,3797,0.00206,0.52876,0.58103,4151,0.00894,0.40933,0.53265,3823,0.00522,0.47505,0.66338,4775,0.00657,0.76133,0.60735,4385,0.01444,0.63457,0.47176,3427,0.01226,0.49762,0.39044,2783,0.00942,0.4279,0.78544,5610,0.00474,0.624,0.63309,4581,0.01188,0.56324,0.70132,4995,0.01064,0.70038,0.64265,4589,0.01658,0.68629,0.3025,2173,0.00419,0.62848,0.61265,4371,0.00467,0.4219,0.51162,3615,0.01055,0.63819,0.52279,3743,0.00496,0.91924,0.53059,3877,0.00203,0.53514,0.71029,5097,0.00623,0.53619,0.74324,5307,0.00569,0.65971,0.86029,6160,0.00359,0.74152,0.72735,5223,0.00339,0.536,0.41471,2997,0.00742,0.72229,0.50441,3646,0.00381,0.01658,0.10275,0.01055,0.05653
145,14.5,0.63762,0.43809,3112,0.0047,0.15676,0.52941,3797,0.00206,0.5301,0.575,4151,0.00894,0.40914,0.52838,3718,0.00543,0.4719,0.66132,4670,0.00592,0.75867,0.60588,4385,0.01444,0.63267,0.46838,3322,0.01122,0.49838,0.38765,2783,0.00942,0.42771,0.78338,5610,0.00474,0.62381,0.62868,4476,0.01183,0.56314,0.69853,4995,0.01064,0.69848,0.6375,4589,0.01658,0.68448,0.30118,2172,0.00477,0.62933,0.60868,4372,0.00652,0.42086,0.50868,3615,0.01055,0.63714,0.51559,3742,0.00458,0.91914,0.52882,3772,0.00248,0.5339,0.70926,5097,0.00623,0.53543,0.74162,5307,0.00569,0.65971,0.85647,6160,0.00359,0.73962,0.72265,5223,0.00339,0.53638,0.41176,2997,0.00742,0.72143,0.50235,3646,0.00381,0.01658,0.10122,0.01055,0.05903
146,14.6,0.6381,0.42382,3007,0.005,0.15648,0.52779,3692,0.00333,0.53124,0.56897,4046,0.00919,0.40886,0.52412,3718,0.00543,0.46895,0.65912,4670,0.00592,0.756,0.60427,4385,0.01444,0.63076,0.46456,3322,0.01122,0.49914,0.38471,2783,0.00942,0.42752,0.78118,5610,0.00474,0.62362,0.62426,4476,0.01183,0.56295,0.69574,4995,0.01064,0.69667,0.63235,4589,0.01658,0.68267,0.29971,2172,0.00477,0.63029,0.60485,4372,0.00652,0.41971,0.50574,3615,0.01055,0.63619,0.50853,3637,0.00453,0.91905,0.52706,3772,0.00248,0.53248,0.70824,5096,0.00725,0.53457,0.73985,5307,0.00569,0.65962,0.85235,6055,0.00369,0.73771,0.71794,5118,0.00288,0.53657,0.40838,2892,0.00791,0.72067,0.50029,3646,0.00381,0.01658,0.10274,0.01055,0.06008
147,14.7,0.63867,0.40941,2903,0.00465,0.15629,0.52588,3692,0.00333,0.53238,0.56279,4046,0.00919,0.40838,0.51971,3718,0.00543,0.4659,0.65676,4669,0.00647,0.75333,0.60235,4280,0.02655,0.62895,0.46044,3322,0.01122,0.4999,0.38147,2678,0.00634,0.42714,0.77897,5505,0.00487,0.62333,0.61985,4476,0.01183,0.56286,0.69279,4995,0.01064,0.69486,0.62706,4483,0.01512,0.68076,0.29794,2172,0.00477,0.63114,0.60103,4267,0.00458,0.41857,0.5025,3614,0.01471,0.63514,0.50132,3637,0.00453,0.91886,0.52529,3772,0.00248,0.53105,0.70721,5096,0.00725,0.53371,0.73824,5307,0.00569,0.65962,0.84824,6055,0.00369,0.73581,0.71324,5118,0.00288,0.53667,0.40456,2892,0.00791,0.72,0.49809,3541,0.00414,0.02655,0.11099,0.01471,0.06263
148,14.8,0.63933,0.39544,2798,0.00521,0.156,0.52412,3692,0.00333,0.53343,0.55676,3942,0.00985,0.40781,0.51515,3718,0.00543,0.46295,0.65426,4669,0.00647,0.75086,0.60044,4279,0.05351,0.62724,0.45574,3216,0.01159,0.50067,0.37824,2678,0.00634,0.42676,0.77676,5505,0.00487,0.62305,0.61559,4371,0.01359,0.56267,0.69,4890,0.00973,0.69305,0.62176,4483,0.01512,0.67886,0.29603,2172,0.00477,0.632,0.59721,4267,0.00458,0.41733,0.49941,3509,0.01217,0.63419,0.49412,3532,0.006,0.91867,0.52338,3772,0.00248,0.52952,0.70603,5096,0.00725,0.53276,0.73647,5306,0.00667,0.65952,0.84397,6055,0.00369,0.7339,0.70853,5118,0.00288,0.53667,0.40029,2892,0.00791,0.71924,0.49588,3541,0.00414,0.05351,0.13983,0.01217,0.06254
149,14.9,0.63971,0.38221,2693,0.00502,0.15571,0.52235,3692,0.00333,0.53438,0.55044,3942,0.00985,0.40724,0.51059,3613,0.00662,0.46,0.65177,4669,0.00647,0.74848,0.59823,4279,0.05351,0.62562,0.45074,3216,0.01159,0.50143,0.37485,2678,0.00634,0.42638,0.77441,5505,0.00487,0.62267,0.61132,4371,0.01359,0.56238,0.68721,4890,0.00973,0.69114,0.61647,4378,0.01198,0.67686,0.29397,2067,0.00427,0.63276,0.59338,4267,0.00458,0.416,0.49618,3509,0.01217,0.63333,0.48691,3532,0.006,0.91838,0.52162,3772,0.00248,0.5279,0.70471,4991,0.00674,0.53171,0.73471,5201,0.00681,0.65943,0.83971,6055,0.00369,0.732,0.70397,5012,0.0036,0.53648,0.39544,2787,0.00652,0.71867,0.49368,3541,0.00414,0.05351,0.13788,0.01217,0.061
150,15.0,0.64038,0.36897,2693,0.00502,0.15543,0.52059,3692,0.00333,0.53524,0.54426,3942,0.00985,0.40648,0.50588,3613,0.00662,0.45705,0.64897,4668,0.00621,0.7461,0.59588,4279,0.05351,0.62409,0.44544,3216,0.01159,0.50229,0.37118,2678,0.00634,0.42581,0.77191,5505,0.00487,0.62219,0.60721,4371,0.01359,0.5621,0.68426,4890,0.00973,0.68933,0.61118,4378,0.01198,0.67486,0.29162,2066,0.0043,0.63352,0.58941,4267,0.00458,0.41457,0.49279,3509,0.01217,0.63248,0.47956,3427,0.00529,0.91819,0.51971,3772,0.00248,0.52629,0.70338,4991,0.00674,0.53067,0.73294,5201,0.00681,0.65933,0.83559,5950,0.00363,0.7301,0.69956,5012,0.0036,0.53619,0.39015,2787,0.00652,0.7181,0.49147,3541,0.00414,0.05351,0.13762,0.01217,0.06026
151,15.1,0.64124,0.35662,2588,0.0053,0.15505,0.51882,3692,0.00333,0.536,0.53794,3837,0.01123,0.40571,0.50103,3613,0.00662,0.45419,0.64632,4563,0.00711,0.74371,0.59338,4279,0.05351,0.62276,0.43956,3111,0.01341,0.50314,0.36735,2573,0.01034,0.42524,0.76941,5505,0.00487,0.62171,0.60309,4371,0.01359,0.56171,0.68147,4889,0.00904,0.68752,0.60574,4378,0.01198,0.67286,0.28897,2066,0.0043,0.63419,0.58559,4162,0.00497,0.41314,0.48926,3509,0.01217,0.63181,0.47221,3427,0.00529,0.918,0.51779,3772,0.00248,0.52467,0.70191,4991,0.00674,0.52952,0.73103,5201,0.00681,0.65924,0.83132,5950,0.00363,0.72819,0.69529,5012,0.0036,0.53571,0.38426,2787,0.00652,0.71752,0.48926,3541,0.00414,0.05351,0.14503,0.01217,0.06065
152,15.2,0.64248,0.34456,2483,0.00424,0.15467,0.51691,3692,0.00333,0.53657,0.53147,3837,0.01123,0.40486,0.49603,3508,0.00638,0.45124,0.64338,4563,0.00711,0.74143,0.59088,4278,0.02329,0.62143,0.43353,3111,0.01341,0.504,0.36324,2573,0.01034,0.42476,0.76662,5505,0.00487,0.62124,0.59912,4266,0.01197,0.56133,0.67853,4889,0.00904,0.68562,0.60044,4272,0.01651,0.67086,0.28603,2066,0.0043,0.63486,0.58162,4162,0.00497,0.41171,0.48574,3509,0.01217,0.63114,0.46471,3322,0.00623,0.91771,0.51588,3772,0.00248,0.52305,0.70029,4990,0.00824,0.52838,0.72912,5201,0.00681,0.65905,0.82691,5950,0.00363,0.72638,0.69103,4907,0.00317,0.53505,0.37779,2682,0.00747,0.71695,0.48691,3541,0.00414,0.02329,0.11748,0.01217,0.06361
153,15.3,0.6439,0.33235,2378,0.00527,0.15429,0.51515,3692,0.00333,0.53695,0.525,3732,0.0087,0.4039,0.49088,3508,0.00638,0.44838,0.64044,4563,0.00711,0.73924,0.58809,4173,0.0262,0.62029,0.42691,3111,0.01341,0.50486,0.35897,2574,0.00795,0.4241,0.76397,5400,0.00569,0.62076,0.59529,4266,0.01197,0.56095,0.67559,4784,0.00924,0.68381,0.595,4272,0.01651,0.66886,0.28294,2066,0.0043,0.63543,0.57779,4162,0.00497,0.41019,0.48206,3404,0.01116,0.63067,0.45735,3322,0.00623,0.91752,0.51397,3667,0.00203,0.52124,0.69868,4990,0.00824,0.52724,0.72721,5201,0.00681,0.65895,0.8225,5845,0.00381,0.72448,0.68691,4907,0.00317,0.53429,0.37103,2682,0.00747,0.71638,0.48471,3436,0.00346,0.0262,0.11649,0.01116,0.06165
154,15.4,0.64514,0.32015,2273,0.00442,0.1539,0.51324,3587,0.00251,0.53724,0.51824,3732,0.0087,0.40286,0.48559,3508,0.00638,0.44552,0.63735,4562,0.00617,0.73705,0.58529,4173,0.0262,0.61924,0.41985,3006,0.01421,0.50571,0.35456,2574,0.00795,0.42352,0.76103,5400,0.00569,0.62029,0.59162,4266,0.01197,0.56048,0.6725,4784,0.00924,0.6819,0.58971,4272,0.01651,0.66695,0.27941,2066,0.0043,0.636,0.57382,4162,0.00497,0.40857,0.47838,3403,0.01189,0.63038,0.44985,3217,0.00483,0.91733,0.51191,3667,0.00203,0.51933,0.69706,4990,0.00824,0.526,0.72529,5201,0.00681,0.65886,0.81779,5845,0.00381,0.72267,0.68294,4906,0.00365,0.53352,0.36382,2577,0.00778,0.7159,0.48235,3436,0.00346,0.0262,0.11553,0.01189,0.06177
155,15.5,0.64629,0.30838,2168,0.00446,0.15352,0.51147,3587,0.00251,0.53733,0.51147,3627,0.00875,0.4019,0.48015,3403,0.00771,0.44267,0.63426,4562,0.00617,0.73486,0.5825,4173,0.0262,0.61829,0.4125,3005,0.00884,0.50667,0.34971,2469,0.00599,0.42286,0.75809,5400,0.00569,0.61971,0.58794,4161,0.00996,0.5599,0.66926,4784,0.00924,0.6799,0.58426,4167,0.02065,0.66505,0.27559,1960,0.00415,0.63648,0.56985,4057,0.005,0.40705,0.47471,3403,0.01189,0.63029,0.44235,3217,0.00483,0.91714,0.51015,3667,0.00203,0.51733,0.69515,4990,0.00824,0.52476,0.72324,5201,0.00681,0.65886,0.81294,5845,0.00381,0.72086,0.67912,4906,0.00365,0.53267,0.35647,2576,0.00748,0.71533,0.48015,3436,0.00346,0.0262,0.11171,0.01189,0.06135
156,15.6,0.64762,0.29662,2168,0.00446,0.15324,0.50956,3587,0.00251,0.53733,0.50471,3627,0.00875,0.40076,0.47456,3403,0.00771,0.43981,0.63103,4457,0.00669,0.73276,0.57941,4172,0.01455,0.61733,0.40471,2900,0.01234,0.50771,0.34471,2469,0.00599,0.4221,0.75515,5400,0.00569,0.61914,0.58441,4161,0.00996,0.55924,0.66618,4784,0.00924,0.678,0.57868,4167,0.02065,0.66324,0.27162,1960,0.00415,0.63705,0.56588,4057,0.005,0.40543,0.47088,3403,0.01189,0.63029,0.435,3112,0.0047,0.91695,0.50824,3667,0.00203,0.51524,0.69309,4990,0.00824,0.52343,0.72118,5200,0.00726,0.65905,0.80765,5740,0.00427,0.71914,0.67544,4801,0.00295,0.53171,0.34882,2471,0.00714,0.71476,0.47779,3436,0.00346,0.02065,0.10408,0.01189,0.06109
157,15.7,0.64914,0.285,2064,0.00386,0.15286,0.50779,3587,0.00251,0.53724,0.49779,3522,0.00747,0.39952,0.46882,3297,0.00563,0.43705,0.62779,4456,0.00612,0.73067,0.57647,4172,0.01455,0.61638,0.39647,2795,0.01281,0.50876,0.33926,2469,0.00599,0.42133,0.75206,5400,0.00569,0.61848,0.58103,4160,0.01138,0.55848,0.66279,4784,0.00924,0.676,0.57324,4061,0.02396,0.66143,0.26735,1960,0.00415,0.63743,0.56176,4057,0.005,0.40371,0.46706,3298,0.01083,0.63057,0.42779,3112,0.0047,0.91686,0.50632,3667,0.00203,0.51314,0.69103,4884,0.00901,0.522,0.71912,5095,0.00709,0.65924,0.80206,5740,0.00427,0.71733,0.67191,4801,0.00295,0.53086,0.34132,2471,0.00714,0.71419,0.47574,3435,0.00397,0.02396,0.10535,0.01083,0.06114
158,15.8,0.65076,0.27382,1959,0.00416,0.15248,0.50588,3587,0.00251,0.53695,0.49088,3522,0.00747,0.39819,0.46309,3297,0.00563,0.43419,0.62441,4456,0.00612,0.72867,0.57338,4067,0.01074,0.61543,0.38794,2795,0.01281,0.50981,0.33382,2364,0.00922,0.42057,0.74897,5295,0.00631,0.61781,0.57765,4160,0.01138,0.55762,0.65941,4679,0.00952,0.674,0.56765,4061,0.02396,0.65971,0.26294,1855,0.0042,0.63771,0.55779,3952,0.00539,0.402,0.46324,3298,0.01083,0.63105,0.42074,3007,0.005,0.91667,0.50456,3667,0.00203,0.51095,0.68882,4884,0.00901,0.52057,0.71706,5095,0.00709,0.65962,0.79618,5740,0.00427,0.71562,0.66853,4801,0.00295,0.5301,0.33353,2366,0.00753,0.71371,0.47353,3435,0.00397,0.02396,0.10567,0.01083,0.06227
159,15.9,0.65171,0.26338,1854,0.00436,0.1521,0.50397,3586,0.00263,0.53657,0.48397,3417,0.00992,0.39695,0.45721,3297,0.00563,0.43143,0.62103,4456,0.00612,0.72676,0.57029,4067,0.01074,0.61457,0.37912,2690,0.01304,0.51086,0.32794,2364,0.00922,0.41971,0.74588,5295,0.00631,0.61705,0.57456,4160,0.01138,0.55676,0.65603,4679,0.00952,0.672,0.56206,4061,0.02396,0.6581,0.25824,1855,0.0042,0.638,0.55382,3952,0.00539,0.40038,0.45941,3298,0.01083,0.63171,0.41368,3007,0.005,0.91657,0.50265,3667,0.00203,0.50876,0.68662,4884,0.00901,0.51905,0.715,5095,0.00709,0.66019,0.79015,5635,0.0029,0.71381,0.66544,4800,0.00367,0.52943,0.32588,2366,0.00753,0.71314,0.47147,3435,0.00397,0.02396,0.10847,0.01083,0.06162
160,16.0,0.65162,0.25441,1854,0.00436,0.15152,0.50206,3586,0.00263,0.5361,0.47721,3417,0.00992,0.39562,0.45132,3192,0.00671,0.42867,0.6175,4351,0.00728,0.72476,0.56735,4067,0.01074,0.61371,0.37015,2690,0.01304,0.51181,0.32177,2259,0.00927,0.41895,0.74265,5294,0.00389,0.61638,0.57162,4055,0.00902,0.55571,0.65235,4679,0.00952,0.6701,0.55647,3956,0.017,0.65648,0.25368,1854,0.00436,0.63819,0.54971,3953,0.00457,0.39876,0.45544,3192,0.0094,0.63257,0.40691,2902,0.00451,0.91648,0.50088,3667,0.00203,0.50657,0.68412,4884,0.00901,0.51743,0.71294,5095,0.00709,0.66086,0.78368,5635,0.0029,0.712,0.66235,4800,0.00367,0.52886,0.31824,2261,0.00781,0.71267,0.46941,3330,0.00456,0.017,0.09902,0.0094,0.05991
161,16.1,0.6501,0.24662,1749,0.00667,0.15095,0.50029,3586,0.00263,0.53552,0.47029,3312,0.00817,0.39438,0.44544,3192,0.00671,0.426,0.61397,4350,0.00639,0.72276,0.56456,4066,0.01512,0.61286,0.36103,2585,0.01298,0.51267,0.31559,2259,0.00927,0.41819,0.73956,5294,0.00389,0.61562,0.56882,4055,0.00902,0.55457,0.64868,4679,0.00952,0.66819,0.55088,3956,0.017,0.65486,0.24897,1749,0.00667,0.63829,0.54588,3953,0.00457,0.39724,0.45147,3192,0.0094,0.63371,0.40015,2902,0.00451,0.91638,0.49897,3562,0.00192,0.50448,0.68162,4883,0.00513,0.5159,0.71088,5095,0.00709,0.66162,0.77721,5530,0.00329,0.71029,0.65956,4695,0.00368,0.52848,0.31074,2261,0.00781,0.7121,0.46735,3330,0.00456,0.017,0.1007,0.0094,0.05863
162,16.2,0.64733,0.23985,1748,0.00446,0.15038,0.49838,3481,0.00332,0.53486,0.46338,3312,0.00817,0.39314,0.43941,3087,0.00581,0.42333,0.61029,4350,0.00639,0.72076,0.56176,4066,0.01512,0.612,0.35176,2480,0.01309,0.51352,0.30926,2259,0.00927,0.41743,0.73632,5294,0.00389,0.61486,0.56603,4055,0.00902,0.55333,0.645,4574,0.0073,0.66629,0.54529,3955,0.01335,0.65324,0.24426,1749,0.00667,0.63829,0.54191,3848,0.00467,0.39571,0.44735,3192,0.0094,0.63486,0.39353,2797,0.00505,0.91619,0.49706,3562,0.00192,0.50238,0.67912,4883,0.00513,0.51429,0.70882,5095,0.00709,0.66248,0.77029,5530,0.00329,0.70848,0.65691,4695,0.00368,0.52829,0.30353,2156,0.00698,0.71162,0.46559,3330,0.00456,0.01512,0.09473,0.0094,0.05844
163,16.3,0.64371,0.23456,1643,0.00398,0.14971,0.49662,3481,0.00332,0.53419,0.45662,3312,0.00817,0.39181,0.43338,3087,0.00581,0.42067,0.60662,4350,0.00639,0.71876,0.55897,4066,0.01512,0.61114,0.3425,2480,0.01309,0.51419,0.30294,2154,0.00873,0.41676,0.73309,5189,0.00584,0.61409,0.56338,4055,0.00902,0.552,0.64103,4573,0.01279,0.66448,0.53971,3850,0.01737,0.65162,0.23971,1749,0.00667,0.63819,0.53809,3848,0.00467,0.39429,0.44324,3192,0.0094,0.63619,0.38721,2797,0.00505,0.9161,0.49515,3562,0.00192,0.50029,0.67647,4883,0.00513,0.51257,0.70662,5094,0.00743,0.66343,0.76338,5425,0.00365,0.70667,0.65426,4695,0.00368,0.52819,0.29647,2156,0.00698,0.71105,0.46382,3330,0.00456,0.01737,0.10565,0.0094,0.05914
164,16.4,0.64038,0.22956,1643,0.00398,0.14905,0.49485,3481,0.00332,0.53352,0.44971,3207,0.00962,0.39038,0.4275,3086,0.00462,0.4181,0.60294,4244,0.00746,0.71667,0.55632,3961,0.01928,0.61038,0.33324,2375,0.01564,0.51476,0.29662,2155,0.0079,0.4161,0.72985,5189,0.00584,0.61333,0.56074,4055,0.00902,0.55057,0.63706,4573,0.01279,0.66267,0.53412,3850,0.01737,0.64981,0.23529,1644,0.00425,0.63791,0.53441,3847,0.00744,0.39295,0.43912,3087,0.01293,0.63743,0.38088,2692,0.00503,0.9159,0.49324,3562,0.00192,0.4981,0.67368,4778,0.00572,0.51086,0.70441,4989,0.00828,0.66438,0.75632,5425,0.00365,0.70486,0.65177,4695,0.00368,0.52838,0.28956,2051,0.00753,0.71048,0.46221,3330,0.00456,0.01928,0.11286,0.01293,0.06499
165,16.5,0.63705,0.22559,1642,0.00433,0.14848,0.49309,3481,0.00332,0.53286,0.44279,3206,0.01021,0.38895,0.42162,2981,0.00681,0.41552,0.59927,4244,0.00746,0.71467,0.55368,3961,0.01928,0.60962,0.32412,2375,0.01564,0.51505,0.29044,2050,0.00879,0.41552,0.72647,5189,0.00584,0.61267,0.55824,3950,0.01091,0.54905,0.63309,4573,0.01279,0.66095,0.52853,3745,0.01727,0.6479,0.23118,1644,0.00425,0.63752,0.53088,3847,0.00744,0.39181,0.435,3087,0.01293,0.63876,0.37485,2693,0.00502,0.91571,0.49132,3562,0.00192,0.496,0.67103,4778,0.00572,0.50905,0.70221,4989,0.00828,0.66533,0.74926,5320,0.00403,0.70305,0.64926,4694,0.00322,0.52876,0.28294,2051,0.00753,0.7099,0.46059,3330,0.00456,0.01928,0.11832,0.01293,0.0649
166,16.6,0.63438,0.22206,1642,0.00433,0.148,0.49132,3481,0.00332,0.53219,0.43588,3101,0.00971,0.38733,0.41574,2981,0.00681,0.41314,0.59559,4244,0.00746,0.71257,0.55118,3960,0.03061,0.60886,0.315,2269,0.01146,0.51505,0.28441,2050,0.00879,0.41495,0.72338,5189,0.00584,0.612,0.55574,3950,0.01091,0.54752,0.62897,4468,0.00945,0.65924,0.52294,3745,0.01727,0.64581,0.22735,1643,0.00398,0.63705,0.52735,3742,0.00458,0.39057,0.43088,3087,0.01293,0.64,0.36897,2693,0.00502,0.91562,0.48941,3562,0.00192,0.4939,0.66824,4777,0.00844,0.50714,0.7,4989,0.00828,0.66629,0.74221,5320,0.00403,0.70143,0.64691,4589,0.00342,0.52943,0.27676,1946,0.00855,0.70933,0.45926,3330,0.00456,0.03061,0.12163,0.01293,0.06571
167,16.7,0.63238,0.21956,1537,0.00436,0.14752,0.48985,3481,0.00332,0.53162,0.42912,3101,0.00971,0.38571,0.40985,2876,0.00526,0.41067,0.59176,4244,0.00746,0.71048,0.54868,3960,0.03061,0.608,0.30618,2164,0.01241,0.51467,0.27868,1945,0.00819,0.41438,0.72015,5084,0.00658,0.61124,0.55324,3950,0.01091,0.54581,0.62485,4468,0.00945,0.65752,0.5175,3745,0.01727,0.64343,0.22368,1643,0.00398,0.63648,0.52397,3742,0.00458,0.38952,0.42691,3086,0.01508,0.64114,0.36338,2588,0.0053,0.91543,0.48765,3562,0.00192,0.49181,0.66529,4777,0.00844,0.50514,0.69765,4989,0.00828,0.66733,0.73485,5216,0.00395,0.69971,0.64441,4589,0.00342,0.53019,0.27088,1946,0.00855,0.70867,0.45809,3330,0.00456,0.03061,0.12117,0.01508,0.06806
168,16.8,0.63029,0.21765,1537,0.00436,0.14714,0.48824,3481,0.00332,0.53105,0.42235,2996,0.00793,0.3841,0.40397,2876,0.00526,0.40829,0.58809,4138,0.00555,0.70848,0.54618,3960,0.03061,0.60705,0.29765,2164,0.01241,0.514,0.27294,1944,0.00847,0.41381,0.71691,5084,0.00658,0.61067,0.55074,3950,0.01091,0.54419,0.62074,4468,0.00945,0.65581,0.51206,3639,0.01299,0.64086,0.22044,1538,0.00447,0.63571,0.52073,3742,0.00458,0.38838,0.42294,2981,0.00884,0.642,0.35779,2588,0.0053,0.91514,0.48603,3562,0.00192,0.48952,0.66221,4777,0.00844,0.50305,0.69529,4988,0.01321,0.66838,0.7275,5216,0.00395,0.69819,0.64191,4589,0.00342,0.53114,0.26559,1946,0.00855,0.708,0.45691,3330,0.00456,0.03061,0.11348,0.01321,0.06724
169,16.9,0.62838,0.21618,1536,0.00525,0.14676,0.48676,3481,0.00332,0.53067,0.41574,2996,0.00793,0.38219,0.39824,2876,0.00526,0.4059,0.58441,4138,0.00555,0.70638,0.54397,3855,0.01164,0.606,0.28926,2059,0.01215,0.51295,0.2675,1944,0.00847,0.41305,0.71368,5084,0.00658,0.61,0.54838,3950,0.01091,0.54238,0.61662,4362,0.00712,0.6541,0.50647,3639,0.01299,0.638,0.2175,1537,0.00436,0.63486,0.51765,3742,0.00458,0.38733,0.41897,2981,0.00884,0.64276,0.3525,2483,0.00424,0.91495,0.48441,3457,0.00206,0.48724,0.65912,4672,0.00725,0.50086,0.69294,4988,0.01321,0.66943,0.71985,5111,0.00421,0.69676,0.63956,4589,0.00342,0.53229,0.26074,1841,0.00787,0.70733,0.45588,3225,0.00337,0.01299,0.09192,0.01321,0.06341
170,17.0,0.62648,0.21382,1536,0.00525,0.14638,0.48544,3481,0.00332,0.53029,0.40926,2891,0.00871,0.38019,0.39235,2770,0.00506,0.40352,0.58059,4138,0.00555,0.70429,0.54191,3854,0.02076,0.60476,0.28103,2059,0.01215,0.51162,0.26206,1839,0.00699,0.41238,0.71044,5084,0.00658,0.60924,0.54618,3949,0.00746,0.54057,0.6125,4362,0.00712,0.65219,0.50103,3639,0.01299,0.63486,0.21471,1537,0.00436,0.63371,0.51456,3637,0.00453,0.38619,0.41515,2981,0.00884,0.64314,0.34735,2483,0.00424,0.91486,0.48294,3457,0.00206,0.48486,0.65588,4671,0.00652,0.49848,0.69059,4883,0.00513,0.67057,0.71206,5111,0.00421,0.69552,0.63721,4589,0.00342,0.53343,0.25662,1842,0.007,0.70667,0.455,3225,0.00337,0.02076,0.09669,0.00884,0.05368
171,17.1,0.62438,0.21074,1536,0.00525,0.1459,0.48397,3376,0.00212,0.5299,0.40294,2891,0.00871,0.37819,0.38662,2770,0.00506,0.40124,0.57691,4138,0.00555,0.70219,0.53985,3854,0.02076,0.60343,0.27309,1954,0.01047,0.5101,0.25677,1839,0.00699,0.41152,0.70721,5084,0.00658,0.60857,0.54412,3949,0.00746,0.53876,0.60838,4362,0.00712,0.65029,0.49544,3534,0.01299,0.63152,0.21206,1537,0.00436,0.63257,0.51162,3637,0.00453,0.38495,0.41132,2876,0.01234,0.64333,0.34221,2483,0.00424,0.91476,0.48147,3457,0.00206,0.48248,0.65235,4671,0.00652,0.496,0.68824,4883,0.00513,0.67171,0.70441,5006,0.00416,0.69438,0.63471,4588,0.0038,0.53457,0.25294,1842,0.007,0.706,0.45412,3225,0.00337,0.02076,0.09381,0.01234,0.05751
172,17.2,0.62086,0.20912,1536,0.00525,0.14552,0.48265,3376,0.00212,0.52952,0.39662,2786,0.00834,0.37619,0.38103,2665,0.00543,0.39895,0.57324,4032,0.00515,0.70019,0.53809,3854,0.02076,0.602,0.26515,1954,0.01047,0.50829,0.25132,1839,0.00699,0.41057,0.70382,4979,0.00541,0.6079,0.54235,3844,0.01074,0.53695,0.60412,4362,0.00712,0.64829,0.49,3534,0.01299,0.628,0.20941,1536,0.00525,0.63124,0.50868,3637,0.00453,0.38381,0.40765,2876,0.01234,0.64333,0.33721,2378,0.00527,0.91457,0.48,3457,0.00206,0.48,0.64868,4671,0.00652,0.49352,0.68588,4882,0.0068,0.67295,0.69676,5006,0.00416,0.69324,0.63221,4483,0.00506,0.53562,0.24956,1737,0.00652,0.70533,0.45338,3225,0.00337,0.02076,0.09552,0.01234,0.06188
173,17.3,0.61333,0.21103,1535,0.00577,0.14505,0.48132,3376,0.00212,0.52905,0.39029,2786,0.00834,0.37429,0.37544,2665,0.00543,0.39676,0.56941,4032,0.00515,0.69829,0.53632,3854,0.02076,0.60038,0.25735,1849,0.01042,0.50609,0.24603,1734,0.00785,0.40952,0.70044,4979,0.00541,0.60714,0.54074,3844,0.01074,0.53514,0.59985,4257,0.0088,0.64619,0.48456,3428,0.01405,0.62448,0.20662,1536,0.00525,0.62991,0.50588,3637,0.00453,0.38257,0.40412,2876,0.01234,0.64314,0.33206,2378,0.00527,0.91448,0.47853,3457,0.00206,0.47752,0.64485,4566,0.01082,0.49095,0.68353,4882,0.0068,0.67419,0.68912,4901,0.00415,0.69229,0.62956,4483,0.00506,0.53667,0.24676,1737,0.00652,0.70486,0.45294,3225,0.00337,0.02076,0.09907,0.01234,0.06617
174,17.4,0.60114,0.21838,1534,0.00537,0.14448,0.48,3376,0.00212,0.52848,0.38426,2786,0.00834,0.37248,0.37,2665,0.00543,0.39467,0.56559,4032,0.00515,0.69629,0.53471,3854,0.02076,0.59867,0.24985,1743,0.01065,0.50381,0.24074,1733,0.0054,0.40848,0.69706,4978,0.00531,0.60638,0.53926,3844,0.01074,0.53324,0.59559,4256,0.00865,0.6441,0.47912,3428,0.01405,0.62095,0.20368,1431,0.00464,0.62838,0.50309,3636,0.00467,0.38143,0.40059,2876,0.01234,0.64267,0.32691,2378,0.00527,0.91429,0.47721,3457,0.00206,0.47495,0.64088,4565,0.00899,0.48838,0.68118,4882,0.0068,0.67543,0.68162,4901,0.00415,0.69133,0.62706,4483,0.00506,0.53743,0.24426,1737,0.00652,0.70448,0.4525,3224,0.00416,0.02076,0.0966,0.01234,0.06466
175,17.5,0.58352,0.22956,1637,0.00527,0.144,0.47882,3376,0.00212,0.52771,0.37809,2681,0.0086,0.37076,0.36485,2559,0.00477,0.39257,0.56147,4032,0.00515,0.69448,0.53294,3853,0.01299,0.59676,0.24265,1743,0.01065,0.50124,0.23544,1733,0.0054,0.40724,0.69353,4978,0.00531,0.60562,0.53794,3844,0.01074,0.53124,0.59118,4256,0.00865,0.642,0.47368,3428,0.01405,0.61743,0.20044,1430,0.00437,0.62686,0.50015,3636,0.00467,0.38029,0.39735,2875,0.01306,0.6421,0.32162,2273,0.00442,0.91419,0.47588,3456,0.00203,0.47219,0.63691,4565,0.00899,0.4859,0.67882,4882,0.0068,0.67657,0.67441,4797,0.00383,0.69048,0.62441,4483,0.00506,0.538,0.24221,1737,0.00652,0.7041,0.45206,3224,0.00416,0.01405,0.08843,0.01306,0.06391
176,17.6,0.56524,0.24279,1740,0.00702,0.14343,0.4775,3376,0.00212,0.52686,0.37206,2681,0.0086,0.36914,0.36,2559,0.00477,0.39057,0.55735,3927,0.00681,0.69267,0.53103,3853,0.01299,0.59476,0.23574,1743,0.01065,0.49857,0.23029,1628,0.00763,0.406,0.69,4873,0.00535,0.60476,0.53677,3844,0.01074,0.52914,0.58662,4151,0.00894,0.6399,0.46838,3323,0.01249,0.61409,0.19691,1430,0.00437,0.62514,0.49721,3531,0.00577,0.37914,0.39426,2770,0.01134,0.64124,0.31618,2273,0.00442,0.914,0.47456,3456,0.00203,0.46943,0.63265,4565,0.00899,0.48333,0.67647,4881,0.00803,0.67762,0.6675,4797,0.00383,0.68962,0.62176,4483,0.00506,0.53848,0.24029,1737,0.00652,0.704,0.45191,3224,0.00416,0.01299,0.09109,0.01134,0.06452
177,17.7,0.54705,0.25691,1843,0.00771,0.14267,0.47632,3375,0.00318,0.52571,0.36603,2576,0.00962,0.36752,0.35559,2559,0.00477,0.38867,0.55324,3926,0.00519,0.69095,0.52897,3748,0.01169,0.59267,0.22912,1638,0.01148,0.49562,0.22529,1628,0.00763,0.40457,0.68618,4873,0.00535,0.6039,0.53544,3844,0.01074,0.52705,0.58206,4151,0.00894,0.63771,0.46309,3322,0.01122,0.61095,0.19309,1430,0.00437,0.62333,0.49426,3531,0.00577,0.37819,0.39162,2770,0.01134,0.64038,0.31059,2273,0.00442,0.914,0.47324,3456,0.00203,0.46638,0.62838,4459,0.00796,0.48086,0.67397,4776,0.00746,0.67848,0.66147,4692,0.00418,0.68876,0.61912,4483,0.00506,0.53876,0.23853,1737,0.00652,0.7041,0.45176,3224,0.00416,0.01169,0.08981,0.01134,0.06327
178,17.8,0.5299,0.27059,1946,0.00855,0.142,0.47515,3375,0.00318,0.52438,0.36029,2576,0.00962,0.3659,0.35162,2454,0.00546,0.38667,0.54897,3926,0.00519,0.68924,0.52691,3748,0.01169,0.59029,0.22294,1637,0.0105,0.49248,0.22059,1522,0.00821,0.40324,0.68235,4873,0.00535,0.60305,0.53441,3844,0.01074,0.52486,0.57721,4151,0.00894,0.63562,0.45794,3322,0.01122,0.6081,0.18868,1324,0.00498,0.62143,0.49132,3531,0.00577,0.37752,0.38941,2770,0.01134,0.63933,0.30456,2168,0.00446,0.9139,0.47221,3456,0.00203,0.46324,0.62412,4459,0.00796,0.47819,0.67147,4776,0.00746,0.67905,0.65647,4692,0.00418,0.6879,0.61632,4378,0.00371,0.53895,0.23691,1737,0.00652,0.70438,0.45162,3224,0.00416,0.01169,0.0901,0.01134,0.06257
179,17.9,0.5141,0.28382,2049,0.00765,0.14124,0.47412,3375,0.00318,0.52286,0.35471,2575,0.00917,0.36438,0.34838,2454,0.00546,0.38476,0.54471,3926,0.00519,0.68781,0.52471,3748,0.01169,0.58781,0.21735,1532,0.01001,0.48924,0.21618,1522,0.00821,0.40181,0.67838,4873,0.00535,0.6021,0.53324,3844,0.01074,0.52267,0.57235,4045,0.00771,0.63352,0.45294,3217,0.0128,0.60552,0.18426,1324,0.00498,0.61952,0.48838,3531,0.00577,0.37714,0.38779,2770,0.01134,0.6381,0.29853,2167,0.00497,0.91381,0.47132,3456,0.00203,0.46,0.61971,4459,0.00796,0.47562,0.66882,4775,0.00861,0.67943,0.65235,4692,0.00418,0.68705,0.61368,4378,0.00371,0.53895,0.23544,1737,0.00652,0.70476,0.45147,3225,0.00337,0.0128,0.08951,0.01134,0.06344
180,18.0,0.49952,0.29794,2153,0.00745,0.14038,0.47309,3375,0.00318,0.52105,0.34941,2470,0.00794,0.36286,0.34559,2454,0.00546,0.38286,0.54044,3821,0.00554,0.68648,0.5225,3748,0.01169,0.58514,0.21221,1532,0.01001,0.48571,0.21221,1521,0.007,0.40038,0.67441,4768,0.00544,0.60114,0.53191,3844,0.01074,0.52048,0.5675,4045,0.00771,0.63152,0.44824,3217,0.0128,0.60314,0.17956,1324,0.00498,0.61743,0.48559,3530,0.00592,0.37714,0.38691,2770,0.01134,0.63676,0.29235,2062,0.00435,0.91362,0.47059,3351,0.0023,0.45648,0.61529,4353,0.01097,0.47295,0.66647,4775,0.00861,0.67914,0.64971,4692,0.00418,0.6861,0.61118,4378,0.00371,0.53886,0.23382,1632,0.00593,0.70514,0.45118,3225,0.00337,0.0128,0.08751,0.01134,0.06566
181,18.1,0.486,0.31221,2257,0.00927,0.13933,0.47235,3375,0.00318,0.51914,0.34441,2470,0.00794,0.36133,0.34338,2453,0.00424,0.38086,0.53618,3820,0.00539,0.68524,0.52044,3747,0.02022,0.58238,0.20779,1532,0.01001,0.482,0.20868,1521,0.007,0.39914,0.67059,4767,0.0048,0.6001,0.53073,3844,0.01074,0.51829,0.5625,4045,0.00771,0.62952,0.44368,3217,0.0128,0.60095,0.17471,1219,0.00436,0.61533,0.48279,3425,0.0056,0.37752,0.38647,2770,0.01134,0.63533,0.28618,2062,0.00435,0.91324,0.47015,3351,0.0023,0.45286,0.61103,4353,0.01097,0.47019,0.66426,4775,0.00861,0.6779,0.64868,4692,0.00418,0.68495,0.60868,4377,0.00383,0.53867,0.23221,1632,0.00593,0.70543,0.45029,3225,0.00337,0.02022,0.09403,0.01134,0.06484
182,18.2,0.47343,0.32618,2360,0.00913,0.13829,0.47176,3375,0.00318,0.51686,0.33985,2470,0.00794,0.35981,0.34206,2453,0.00424,0.37895,0.53206,3820,0.00539,0.684,0.51838,3747,0.02022,0.57933,0.20382,1426,0.01006,0.47829,0.20574,1416,0.00606,0.39781,0.66691,4767,0.0048,0.59905,0.52941,3843,0.00899,0.51619,0.55779,3940,0.00797,0.62752,0.43941,3111,0.01341,0.59886,0.17,1218,0.00418,0.61305,0.48,3425,0.0056,0.37838,0.38691,2770,0.01134,0.63362,0.28015,2062,0.00435,0.91257,0.47,3351,0.0023,0.44905,0.60662,4353,0.01097,0.46724,0.66235,4775,0.00861,0.67571,0.64912,4691,0.00361,0.68362,0.60632,4377,0.00383,0.53838,0.23059,1632,0.00593,0.70533,0.44897,3225,0.00337,0.02022,0.09226,0.01134,0.06409
183,18.3,0.46305,0.33824,2359,0.00825,0.13695,0.47132,3375,0.00318,0.51438,0.33588,2365,0.00747,0.35819,0.34118,2453,0.00424,0.37705,0.52794,3715,0.00554,0.68276,0.51662,3747,0.02022,0.5761,0.20044,1426,0.01006,0.47457,0.20324,1415,0.00679,0.39657,0.66338,4767,0.0048,0.5979,0.52824,3738,0.00978,0.5141,0.55309,3939,0.0094,0.62543,0.43529,3111,0.01341,0.59667,0.16515,1218,0.00418,0.61057,0.47735,3425,0.0056,0.37962,0.38779,2770,0.01134,0.63171,0.27471,1957,0.00415,0.91171,0.46985,3351,0.0023,0.44495,0.60221,4247,0.00963,0.464,0.66074,4669,0.00903,0.67248,0.65118,4691,0.00361,0.6821,0.60427,4377,0.00383,0.5379,0.22897,1632,0.00593,0.70495,0.44721,3225,0.00337,0.02022,0.09489,0.01134,0.06297
184,18.4,0.45448,0.34897,2463,0.0081,0.13552,0.47088,3375,0.00318,0.51162,0.33221,2364,0.00922,0.35657,0.34103,2453,0.00424,0.37524,0.52382,3715,0.00554,0.68152,0.51515,3747,0.02022,0.57276,0.1975,1426,0.01006,0.47086,0.20118,1415,0.00679,0.39514,0.66,4662,0.00667,0.59667,0.52721,3738,0.00978,0.512,0.54853,3939,0.0094,0.62324,0.43162,3111,0.01341,0.59448,0.16059,1113,0.00515,0.6079,0.47485,3424,0.0065,0.38124,0.38941,2771,0.01281,0.62962,0.26971,1957,0.00415,0.91067,0.47,3351,0.0023,0.44067,0.59779,4247,0.00963,0.46086,0.65956,4669,0.00903,0.6681,0.65471,4691,0.00361,0.68048,0.60235,4272,0.00362,0.53733,0.22721,1632,0.00593,0.70429,0.44515,3224,0.00416,0.02022,0.09851,0.01281,0.06689
185,18.5,0.44667,0.35897,2567,0.01175,0.134,0.47074,3375,0.00318,0.50867,0.32912,2364,0.00922,0.35486,0.34147,2453,0.00424,0.37352,0.52,3715,0.00554,0.68029,0.51382,3642,0.0169,0.56933,0.195,1425,0.01087,0.46714,0.19956,1415,0.00679,0.39362,0.65691,4662,0.00667,0.59552,0.52647,3738,0.00978,0.50991,0.54441,3939,0.0094,0.62095,0.42809,3111,0.01341,0.59219,0.15632,1113,0.00515,0.60524,0.47265,3424,0.0065,0.38314,0.39147,2771,0.01281,0.62733,0.26544,1956,0.01099,0.90952,0.47029,3351,0.0023,0.43619,0.59353,4246,0.00904,0.45752,0.65853,4669,0.00903,0.66248,0.65956,4690,0.00431,0.67857,0.60059,4272,0.00362,0.53667,0.22544,1632,0.00593,0.70324,0.44279,3224,0.00416,0.0169,0.096,0.01281,0.07384
186,18.6,0.43819,0.36794,2672,0.00938,0.13248,0.47088,3374,0.00369,0.50533,0.32662,2364,0.00922,0.35314,0.3425,2453,0.00424,0.3719,0.51632,3715,0.00554,0.67905,0.51265,3642,0.0169,0.56581,0.19309,1425,0.01087,0.46343,0.19838,1414,0.007,0.392,0.65397,4662,0.00667,0.59429,0.52573,3738,0.00978,0.50771,0.54059,3834,0.00715,0.61857,0.425,3005,0.00884,0.58971,0.15235,1112,0.00582,0.60238,0.47044,3319,0.00563,0.38533,0.39397,2771,0.01281,0.62476,0.26177,1851,0.00506,0.90819,0.47059,3351,0.0023,0.43152,0.58927,4246,0.00904,0.4541,0.65794,4668,0.0109,0.65543,0.66574,4794,0.00427,0.67657,0.59897,4272,0.00362,0.53581,0.22368,1632,0.00593,0.7019,0.44044,3119,0.00445,0.0169,0.0899,0.01281,0.06983
187,18.7,0.43038,0.37838,2671,0.00947,0.13076,0.47118,3374,0.00369,0.50181,0.32471,2363,0.0071,0.35124,0.34397,2452,0.00414,0.37048,0.51294,3609,0.00453,0.67771,0.51162,3642,0.0169,0.56229,0.19162,1425,0.01087,0.45952,0.19735,1414,0.007,0.39,0.65132,4661,0.00602,0.59314,0.52529,3738,0.00978,0.50533,0.53706,3834,0.00715,0.61609,0.42221,3005,0.00884,0.58705,0.14882,1112,0.00582,0.59943,0.46868,3318,0.00655,0.38771,0.39691,2771,0.01281,0.622,0.25882,1851,0.00506,0.90676,0.47103,3456,0.00203,0.42667,0.585,4140,0.01174,0.45048,0.6575,4668,0.0109,0.64695,0.67279,4793,0.00496,0.67438,0.59765,4271,0.00443,0.53476,0.22191,1632,0.00593,0.70019,0.43809,3119,0.00445,0.0169,0.08602,0.01281,0.07468
188,18.8,0.42286,0.38735,2775,0.00968,0.12895,0.47162,3374,0.00369,0.4981,0.32324,2258,0.00849,0.34924,0.34618,2452,0.00414,0.36895,0.51,3609,0.00453,0.67629,0.51074,3642,0.0169,0.55876,0.19059,1319,0.00804,0.45552,0.19662,1413,0.00696,0.38781,0.64897,4661,0.00602,0.5919,0.52485,3738,0.00978,0.50286,0.53382,3833,0.01254,0.61352,0.41985,3005,0.00884,0.5841,0.14559,1007,0.00571,0.59638,0.46691,3318,0.00655,0.39029,0.4,2876,0.01234,0.61905,0.25662,1851,0.00506,0.90524,0.47147,3456,0.00203,0.42152,0.58103,4140,0.01174,0.44686,0.65735,4667,0.00952,0.63752,0.68059,4897,0.00477,0.672,0.59632,4271,0.00443,0.53352,0.22015,1527,0.00978,0.69819,0.43588,3119,0.00445,0.0169,0.08993,0.01234,0.07638
189,18.9,0.41562,0.39412,2774,0.01097,0.12714,0.47206,3374,0.00369,0.49419,0.32265,2257,0.00687,0.34705,0.34882,2452,0.00414,0.36743,0.50765,3609,0.00453,0.67467,0.50985,3641,0.01513,0.55524,0.19,1319,0.00804,0.45124,0.19603,1413,0.00696,0.38524,0.64691,4556,0.00539,0.59057,0.52471,3738,0.00978,0.50009,0.53088,3833,0.01254,0.61076,0.41779,3005,0.00884,0.58105,0.14279,1007,0.00571,0.59314,0.46544,3318,0.00655,0.39286,0.40338,2877,0.01097,0.6159,0.25515,1850,0.0051,0.90362,0.47191,3455,0.00221,0.41629,0.57721,4139,0.01201,0.44305,0.6575,4667,0.00952,0.62752,0.68853,4896,0.00478,0.66962,0.59529,4271,0.00443,0.532,0.21853,1526,0.00648,0.696,0.43382,3119,0.00445,0.01513,0.08591,0.01201,0.07221
190,19.0,0.4099,0.39926,2879,0.00915,0.12524,0.47279,3374,0.00369,0.4901,0.3225,2257,0.00687,0.34457,0.35191,2452,0.00414,0.3659,0.50574,3609,0.00453,0.67305,0.50912,3641,0.01513,0.55171,0.18985,1318,0.00869,0.44686,0.19559,1412,0.0061,0.38229,0.645,4556,0.00539,0.58914,0.52441,3737,0.00973,0.49714,0.52824,3728,0.00669,0.6079,0.41618,3004,0.00958,0.57771,0.14015,1006,0.00727,0.58981,0.46412,3317,0.00539,0.39562,0.40691,2877,0.01097,0.61257,0.25412,1850,0.0051,0.9021,0.47235,3455,0.00221,0.41076,0.57368,4139,0.01201,0.43905,0.65779,4667,0.00952,0.61714,0.69618,5000,0.00535,0.66705,0.59441,4271,0.00443,0.5301,0.21691,1526,0.00648,0.69371,0.43221,3118,0.00547,0.01513,0.08054,0.01201,0.0742
191,19.1,0.40648,0.40382,2878,0.01078,0.12314,0.47368,3373,0.00364,0.486,0.32324,2257,0.00687,0.342,0.35559,2556,0.00502,0.3641,0.50471,3609,0.00453,0.67133,0.50853,3641,0.01513,0.54819,0.19015,1318,0.00869,0.4421,0.19529,1412,0.0061,0.37905,0.64309,4555,0.00519,0.58771,0.52441,3737,0.00973,0.49381,0.52588,3727,0.01439,0.60486,0.415,3004,0.00958,0.57419,0.13779,1006,0.00727,0.58629,0.46324,3317,0.00539,0.39838,0.41059,2877,0.01097,0.60905,0.25353,1849,0.00619,0.90057,0.4725,3455,0.00221,0.40505,0.57044,4033,0.01255,0.43486,0.65838,4666,0.01117,0.60705,0.70338,4999,0.00483,0.66438,0.59368,4270,0.00407,0.5279,0.21559,1526,0.00648,0.69143,0.43088,3118,0.00547,0.01513,0.08887,0.01255,0.0766
192,19.2,0.40571,0.40824,2878,0.01078,0.12114,0.47456,3373,0.00364,0.4819,0.32456,2361,0.00722,0.33914,0.35956,2556,0.00502,0.362,0.50426,3609,0.00453,0.66943,0.50794,3641,0.01513,0.54476,0.19088,1318,0.00869,0.43714,0.19529,1411,0.00617,0.37552,0.64147,4555,0.00519,0.586,0.52441,3737,0.00973,0.49029,0.52368,3727,0.01439,0.60171,0.41412,3004,0.00958,0.57048,0.13574,1005,0.00501,0.58257,0.4625,3317,0.00539,0.40114,0.41426,2983,0.0115,0.60543,0.25324,1849,0.00619,0.89895,0.47279,3455,0.00221,0.39914,0.5675,4032,0.00938,0.43057,0.65912,4666,0.01117,0.59743,0.70971,5103,0.00544,0.66171,0.59294,4270,0.00407,0.52533,0.21441,1526,0.00648,0.68905,0.42985,3118,0.00547,0.01513,0.08929,0.0115,0.07231
193,19.3,0.40771,0.41353,2983,0.0115,0.11905,0.47559,3373,0.00364,0.47781,0.32647,2361,0.00722,0.33629,0.36382,2556,0.00502,0.35962,0.50471,3608,0.00511,0.66762,0.5075,3641,0.01513,0.54133,0.19206,1422,0.00692,0.43181,0.19544,1411,0.00617,0.37171,0.63985,4555,0.00519,0.584,0.52456,3737,0.00973,-1.43,1.48,7036,0.0,0.59848,0.41353,3003,0.0115,0.56657,0.13382,1005,0.00501,0.57876,0.46206,3316,0.00488,0.40381,0.41794,2983,0.0115,0.60143,0.25324,1849,0.00619,0.89743,0.47294,3455,0.00221,0.39305,0.565,4032,0.00938,0.4261,0.66015,4665,0.00915,0.58857,0.715,5102,0.00658,0.65905,0.59235,4270,0.00407,0.52238,0.21353,1525,0.007,0.68667,0.42912,3118,0.00547,0.01513,0.07563,0.0115,0.07144
194,19.4,0.41095,0.41779,2984,0.01208,0.11686,0.47662,3373,0.00364,0.47371,0.32912,2360,0.00753,0.33314,0.36838,2660,0.00342,0.35676,0.50574,3608,0.00511,0.66562,0.50735,3640,0.01363,0.5379,0.19353,1422,0.00692,0.42638,0.19574,1410,0.00623,0.36762,0.63838,4554,0.00461,0.58181,0.52456,3737,0.00973,0.48229,0.51985,3726,0.00734,0.59505,0.41324,3003,0.0115,0.56238,0.13206,900,0.00583,0.57486,0.46206,3316,0.00488,0.40638,0.42147,2983,0.0115,0.59733,0.25338,1848,0.00603,0.89571,0.47324,3455,0.00221,0.38686,0.56279,4031,0.00902,0.42124,0.66176,4770,0.01189,0.58038,0.71941,5101,0.00618,0.65619,0.59191,4269,0.00455,0.51924,0.21279,1525,0.007,0.6841,0.42853,3117,0.00445,0.01363,0.07966,0.01189,0.07354
195,19.5,0.4139,0.42088,2984,0.01208,0.11457,0.47779,3373,0.00364,0.46962,0.33235,2360,0.00753,0.3299,0.37324,2660,0.00342,0.35371,0.50735,3608,0.00511,0.66352,0.50721,3640,0.01363,0.53457,0.19544,1422,0.00692,0.42067,0.19647,1410,0.00623,0.36333,0.63706,4554,0.00461,0.57933,0.52485,3736,0.00989,0.478,0.51824,3726,0.00734,0.59143,0.41324,3003,0.0115,0.5579,0.13059,899,0.00705,0.57067,0.46221,3315,0.00611,0.40905,0.425,2983,0.0115,0.59314,0.25382,1848,0.00603,0.8939,0.47338,3454,0.00218,0.38048,0.56088,4030,0.01194,0.41629,0.66368,4769,0.01032,0.57286,0.72294,5206,0.00655,0.65324,0.59162,4269,0.00455,0.51571,0.21221,1525,0.007,0.68133,0.42779,3117,0.00445,0.01363,0.07982,0.01194,0.07768
196,19.6,0.41667,0.42338,2984,0.01208,0.11248,0.47897,3372,0.00218,0.46562,0.33603,2359,0.00721,0.32657,0.37824,2660,0.00342,0.35029,0.50941,3607,0.00486,0.66133,0.50706,3640,0.01363,0.53114,0.19779,1421,0.0084,0.41486,0.19721,1409,0.00615,0.35876,0.63588,4553,0.00669,0.57657,0.52529,3736,0.00989,0.47352,0.51662,3725,0.00658,0.58781,0.41353,3002,0.01208,0.55324,0.12912,899,0.00705,0.56638,0.4625,3315,0.00611,0.41162,0.42824,3089,0.01017,0.58876,0.25456,1847,0.00626,0.8921,0.47338,3454,0.00218,0.374,0.55897,4030,0.01194,0.41105,0.66588,4769,0.01032,0.56638,0.72544,5205,0.00596,0.65019,0.59147,4269,0.00455,0.512,0.21176,1524,0.00821,0.67848,0.42735,3117,0.00445,0.01363,0.08109,0.01194,0.0772
197,19.7,0.41876,0.4275,3089,0.01017,0.11029,0.48015,3372,0.00218,0.46162,0.34015,2464,0.00703,0.32314,0.38309,2764,0.00475,0.34657,0.51162,3607,0.00486,0.65914,0.50721,3640,0.01363,0.5279,0.20029,1421,0.0084,0.40905,0.19824,1408,0.0051,0.354,0.63485,4553,0.00669,0.57352,0.52588,3736,0.00989,0.46895,0.515,3725,0.00658,0.584,0.41412,3002,0.01208,0.54838,0.12794,898,0.00649,0.562,0.46309,3315,0.00611,0.4139,0.43132,3089,0.01017,0.58438,0.25574,1847,0.00626,0.89038,0.47353,3454,0.00218,0.36743,0.55735,3924,0.01368,0.40581,0.66853,4768,0.0093,0.56067,0.72721,5204,0.0073,0.64714,0.59132,4268,0.00457,0.50809,0.21147,1524,0.00821,0.67562,0.42706,3116,0.00608,0.01363,0.08119,0.01368,0.08035
198,19.8,0.41924,0.43603,3090,0.00874,0.10819,0.48147,3372,0.00218,0.45762,0.34456,2464,0.00703,0.31981,0.38794,2764,0.00475,0.34257,0.51397,3606,0.00415,0.65705,0.50735,3639,0.01299,0.52467,0.20309,1421,0.0084,0.40324,0.19941,1408,0.0051,0.34905,0.63397,4552,0.00496,0.57029,0.52662,3735,0.01417,0.46429,0.51368,3619,0.00847,0.58,0.41485,3001,0.01406,0.54343,0.12691,898,0.00649,0.55752,0.46397,3314,0.00624,0.4161,0.43397,3089,0.01017,0.58,0.25706,1846,0.00544,0.88876,0.47382,3454,0.00218,0.36076,0.55588,3923,0.01338,0.40057,0.67118,4768,0.0093,0.55571,0.72853,5204,0.0073,0.6441,0.59118,4268,0.00457,0.50409,0.21103,1523,0.01235,0.67267,0.42691,3116,0.00608,0.01417,0.08626,0.01338,0.0835
199,19.9,0.41762,0.45015,3194,0.00982,0.1061,0.48279,3372,0.00218,0.45362,0.34941,2463,0.00673,0.31629,0.39265,2764,0.00475,0.33838,0.51632,3711,0.00518,0.65486,0.5075,3639,0.01299,0.52152,0.20603,1525,0.00925,0.39752,0.20074,1407,0.00455,0.3439,0.63309,4552,0.00496,0.56695,0.52765,3735,0.01417,0.45952,0.51235,3619,0.00847,0.5761,0.41588,3001,0.01406,0.53848,0.12603,897,0.00556,0.55305,0.465,3314,0.00624,0.4181,0.43647,3089,0.01017,0.57562,0.25882,1846,0.00544,0.88714,0.47397,3454,0.00218,0.35419,0.55471,3923,0.01338,0.39524,0.67412,4767,0.01146,0.55076,0.72956,5203,0.00767,0.64105,0.59132,4268,0.00457,0.50009,0.21074,1523,0.01235,0.66962,0.42691,3116,0.00608,0.01417,0.08729,0.01338,0.0851
200,20.0,0.41371,0.46809,3299,0.01192,0.104,0.48412,3371,0.00221,0.44971,0.35426,2568,0.00704,0.31286,0.39706,2868,0.00474,0.33381,0.51853,3711,0.00518,0.65267,0.50779,3639,0.01299,0.51838,0.20912,1525,0.00925,0.39171,0.20221,1407,0.00455,0.33857,0.63235,4551,0.00527,0.56343,0.52897,3735,0.01417,0.45467,0.51118,3618,0.0068,0.572,0.41706,3001,0.01406,0.53333,0.12529,896,0.00671,0.54857,0.46618,3313,0.00807,0.4199,0.43868,3090,0.00874,0.57133,0.26074,1845,0.00671,0.88571,0.47426,3453,0.00364,0.34762,0.55353,3922,0.01225,0.3901,0.67721,4871,0.01092,0.54581,0.73088,5203,0.00767,0.638,0.59132,4267,0.00458,0.4961,0.21044,1523,0.01235,0.66657,0.42691,3115,0.0032,0.01417,0.08626,0.01235,0.08484
201,20.1,0.408,0.48779,3508,0.01328,0.1019,0.48559,3476,0.00225,0.44571,0.35941,2567,0.00689,0.30924,0.40132,2868,0.00474,0.32905,0.52073,3710,0.0047,0.65048,0.50824,3639,0.01299,0.51533,0.21235,1525,0.00925,0.3859,0.20368,1406,0.00437,0.33324,0.63191,4445,0.00445,0.55971,0.53059,3839,0.01097,0.44971,0.51015,3618,0.0068,0.568,0.41868,3000,0.01456,0.52829,0.12485,896,0.00671,0.544,0.46765,3313,0.00807,0.42143,0.44059,3090,0.00874,0.56724,0.26294,1845,0.00671,0.88429,0.47471,3453,0.00364,0.34114,0.55235,3921,0.01335,0.38505,0.68029,4871,0.01092,0.54076,0.73221,5202,0.00677,0.63495,0.59147,4267,0.00458,0.4919,0.21015,1522,0.01637,0.66352,0.42706,3115,0.0032,0.01456,0.08197,0.01637,0.08906
202,20.2,0.40181,0.50706,3613,0.00669,0.09981,0.48706,3476,0.00225,0.44171,0.36456,2567,0.00689,0.30562,0.40544,2868,0.00474,0.32419,0.52279,3710,0.0047,0.64838,0.50853,3639,0.01299,0.51229,0.21559,1524,0.01637,0.3801,0.20544,1405,0.00464,0.32781,0.63147,4445,0.00445,0.556,0.53235,3839,0.01097,0.44476,0.50912,3617,0.00721,0.564,0.42044,3000,0.01456,0.52324,0.12471,895,0.00912,0.53952,0.46926,3312,0.00869,0.42267,0.44221,3195,0.01644,0.56324,0.26515,1950,0.00668,0.88286,0.475,3453,0.00364,0.33486,0.55147,3921,0.01335,0.38019,0.68324,4870,0.01169,0.53562,0.73368,5202,0.00677,0.632,0.59176,4267,0.00458,0.48781,0.21,1522,0.01637,0.66048,0.42735,3115,0.0032,0.01637,0.08977,0.01644,0.10053
203,20.3,0.396,0.52471,3717,0.00581,0.09771,0.48853,3476,0.00225,0.43771,0.36971,2671,0.00676,0.302,0.40926,2867,0.00526,0.31905,0.52456,3709,0.00456,0.64619,0.50912,3638,0.01153,0.50924,0.21897,1524,0.01637,0.37438,0.20735,1510,0.00525,0.32238,0.63147,4444,0.00431,0.5521,0.53441,3838,0.00881,0.43971,0.50824,3617,0.00721,0.5599,0.42235,2999,0.01155,0.51819,0.12471,895,0.00912,0.53505,0.47103,3417,0.00673,0.42362,0.44353,3195,0.01644,0.55933,0.2675,1949,0.00671,0.88143,0.47544,3453,0.00364,0.32867,0.55059,3920,0.017,0.37552,0.68632,4870,0.01169,0.53029,0.73515,5201,0.00681,0.62905,0.59191,4267,0.00458,0.48362,0.20985,1521,0.00925,0.65743,0.42765,3115,0.0032,0.01637,0.08386,0.017,0.09517
204,20.4,0.39067,0.54074,3822,0.01074,0.09562,0.49,3476,0.00225,0.43362,0.375,2671,0.00676,0.29838,0.41279,2972,0.00358,0.31381,0.52632,3708,0.00364,0.644,0.50956,3638,0.01153,0.50629,0.22221,1629,0.00693,0.36867,0.20926,1509,0.00436,0.31695,0.63147,4444,0.00431,0.54819,0.53662,3838,0.00881,0.43467,0.5075,3616,0.00747,0.5559,0.42456,2999,0.01155,0.51314,0.125,894,0.00638,0.53057,0.47309,3416,0.00638,0.42419,0.445,3195,0.01644,0.55562,0.26971,1949,0.00671,0.88,0.47588,3453,0.00364,0.32267,0.54971,3919,0.01799,0.37114,0.68926,4869,0.01164,0.52476,0.73691,5306,0.00667,0.62619,0.59235,4266,0.00595,0.47933,0.20985,1521,0.00925,0.65438,0.42809,3114,0.00507,0.01155,0.07119,0.01799,0.09612
205,20.5,0.38581,0.55515,3926,0.01091,0.09343,0.49147,3475,0.00167,0.42952,0.38015,2671,0.00676,0.29467,0.41632,2971,0.00378,0.30848,0.52794,3708,0.00364,0.64181,0.51029,3638,0.01153,0.50314,0.22559,1628,0.00763,0.36295,0.21147,1509,0.00436,0.31162,0.63191,4443,0.00506,0.54419,0.53897,3838,0.00881,0.42952,0.50676,3616,0.00747,0.5519,0.42691,3103,0.01045,0.50819,0.12559,894,0.00638,0.52619,0.47529,3416,0.00638,0.42448,0.44618,3195,0.01644,0.5519,0.27206,1948,0.00671,0.87867,0.47632,3453,0.00364,0.31686,0.54912,3919,0.01799,0.36714,0.69221,4974,0.01098,0.51914,0.73882,5305,0.00823,0.62324,0.59265,4266,0.00595,0.47495,0.21015,1520,0.0092,0.65133,0.42853,3114,0.00507,0.01153,0.07116,0.01799,0.09697
206,20.6,0.38133,0.56838,4031,0.00902,0.09133,0.49294,3475,0.00167,0.42524,0.38544,2775,0.00656,0.29105,0.41956,2971,0.00378,0.30314,0.52941,3812,0.00469,0.63962,0.51103,3638,0.01153,0.5,0.22897,1628,0.00763,0.35724,0.21382,1508,0.00447,0.30629,0.6325,4548,0.0038,0.54,0.54147,3837,0.01123,0.42429,0.50632,3615,0.00622,0.548,0.42926,3103,0.01045,0.50333,0.12647,893,0.00732,0.52181,0.47779,3415,0.00635,0.42429,0.4475,3195,0.01644,0.54829,0.27441,1948,0.00671,0.87724,0.47676,3453,0.00364,0.31133,0.54853,3918,0.01296,0.36333,0.695,4974,0.01098,0.51324,0.74088,5304,0.00592,0.62038,0.59309,4266,0.00595,0.47029,0.21059,1520,0.0092,0.64819,0.42882,3114,0.00507,0.01153,0.07203,0.01644,0.09054
207,20.7,0.37686,0.58059,4135,0.00996,0.08914,0.49441,3475,0.00167,0.42086,0.39059,2775,0.00656,0.28724,0.42294,2971,0.00378,0.29781,0.53103,3812,0.00469,0.63733,0.51176,3637,0.01402,0.49667,0.23221,1628,0.00763,0.35152,0.21632,1507,0.00404,0.30095,0.63324,4547,0.00342,0.53571,0.54412,3942,0.00985,0.41905,0.50603,3615,0.00622,0.544,0.43176,3103,0.01045,0.49848,0.12779,893,0.00732,0.51733,0.48029,3415,0.00635,0.42362,0.44897,3195,0.01644,0.54467,0.27662,1948,0.00671,0.87581,0.47735,3452,0.00369,0.306,0.54794,3918,0.01296,0.35981,0.69794,4973,0.01351,0.50733,0.74309,5304,0.00592,0.61752,0.59353,4265,0.0055,0.46552,0.21118,1519,0.00727,0.64505,0.42926,3113,0.00535,0.01402,0.07233,0.01644,0.09102
208,20.8,0.37229,0.5925,4240,0.01197,0.08695,0.49574,3475,0.00167,0.41638,0.39574,2774,0.00635,0.28352,0.42603,2970,0.00612,0.29257,0.53279,3811,0.00343,0.63505,0.51265,3637,0.01402,0.49333,0.23544,1732,0.01052,0.34581,0.21882,1507,0.00404,0.29571,0.63426,4547,0.00342,0.53133,0.54691,3941,0.00907,0.41362,0.50603,3614,0.00568,0.54,0.43441,3102,0.00997,0.49371,0.12941,892,0.00753,1.36,-1.15,105,0.0,0.42267,0.45044,3195,0.01644,0.54114,0.27868,1947,0.0074,0.87429,0.47794,3452,0.00369,0.30086,0.5475,3917,0.01679,0.35657,0.70088,4973,0.01351,0.50124,0.74544,5303,0.00837,0.61467,0.59427,4265,0.0055,0.46067,0.21206,1519,0.00727,0.64181,0.42971,3113,0.00535,0.01402,0.07429,0.01679,0.09185
209,20.9,0.36781,0.60412,4344,0.01253,0.08486,0.49721,3474,0.00192,0.41181,0.40088,2879,0.00563,0.27971,0.42926,3075,0.00487,0.28743,0.53456,3811,0.00343,0.63276,0.51353,3637,0.01402,0.48981,0.23853,1732,0.01052,0.34,0.22162,1611,0.00439,0.29067,0.63559,4546,0.00421,0.52686,0.55,3941,0.00907,0.40819,0.50618,3613,0.00662,0.536,0.43706,3102,0.00997,0.48914,0.13147,892,0.00753,0.89,-0.96,94,0.00149,0.42133,0.45191,3195,0.01644,0.53752,0.28074,2052,0.00672,0.87276,0.47853,3452,0.00369,0.2959,0.54691,3917,0.01679,0.35362,0.70397,4973,0.01351,0.49505,0.74779,5302,0.00772,0.61171,0.595,4265,0.0055,0.45562,0.21309,1518,0.00952,0.63857,0.43029,3113,0.00535,0.01402,0.07465,0.01679,0.09426
210,21.0,0.36343,0.61544,4344,0.01253,0.08267,0.49868,3474,0.00192,0.40705,0.40574,2878,0.00573,0.2759,0.43235,3074,0.00374,0.28248,0.53662,3810,0.00383,0.63038,0.51441,3637,0.01402,0.48629,0.24147,1732,0.01052,0.33429,0.22456,1611,0.00439,0.28571,0.63706,4545,0.00333,0.52219,0.55309,3940,0.00797,0.40267,0.50662,3613,0.00662,0.5319,0.43956,3101,0.00971,0.48467,0.13368,996,0.00759,0.42,-0.76,45,0.00629,0.41962,0.45338,3195,0.01644,0.5339,0.28294,2052,0.00672,0.87133,0.47926,3452,0.00369,0.29105,0.54632,3916,0.03061,0.35086,0.70706,5077,0.01608,0.48876,0.75044,5407,0.00735,0.60886,0.59574,4264,0.00506,0.45029,0.21441,1518,0.00952,0.63533,0.43088,3112,0.0047,0.01402,0.07178,0.03061,0.11405
211,21.1,0.35905,0.62721,4448,0.01154,0.08057,0.5,3579,0.00203,0.40219,0.41059,2878,0.00573,0.27209,0.43559,3074,0.00374,0.27762,0.53868,3810,0.00383,0.628,0.51544,3741,0.01344,0.48257,0.24441,1731,0.00665,0.32867,0.22765,1610,0.00354,0.28086,0.63868,4545,0.00333,0.51743,0.55647,3940,0.00797,0.39714,0.50735,3612,0.00481,0.52771,0.44206,3206,0.01021,0.48048,0.13632,996,0.00759,-0.05,-0.56,1,0.03456,0.41762,0.45485,3194,0.00982,0.53038,0.28515,2051,0.00753,0.86981,0.47985,3452,0.00369,0.28648,0.54559,3916,0.03061,0.34829,0.71015,5077,0.01608,0.48238,0.75309,5406,0.0082,0.6059,0.59647,4264,0.00506,0.44495,0.21603,1517,0.01055,0.632,0.43147,3112,0.0047,0.01344,0.06528,0.03456,0.13839
212,21.2,0.35505,0.63794,4553,0.01341,0.07848,0.50147,3579,0.00203,0.39714,0.41529,2982,0.00447,0.26829,0.43868,3074,0.00374,0.27295,0.54074,3809,0.00375,0.62562,0.51647,3741,0.01344,0.47886,0.24735,1731,0.00665,0.32314,0.23074,1609,0.00445,0.27619,0.64059,4544,0.00328,0.51257,0.55971,4044,0.01049,0.39162,0.50838,3612,0.00481,0.52343,0.44456,3205,0.0088,0.47638,0.13912,996,0.00759,-0.53,-0.35,1,0.03456,0.41543,0.45632,3299,0.01192,0.52676,0.28735,2051,0.00753,0.86829,0.48059,3452,0.00369,0.2821,0.54485,3915,0.01928,0.346,0.71338,5077,0.01608,0.4759,0.75559,5405,0.00814,0.60295,0.59735,4264,0.00506,0.43943,0.21779,1517,0.01055,0.62867,0.43221,3112,0.0047,0.01344,0.06591,0.03456,0.1291
213,21.3,0.35124,0.64926,4657,0.01012,0.07629,0.50279,3579,0.00203,0.392,0.41971,2982,0.00447,0.26448,0.44176,3178,0.00292,0.26838,0.54279,3809,0.00375,0.62333,0.51765,3741,0.01344,0.47495,0.25,1835,0.00787,0.31762,0.23397,1609,0.00445,0.27171,0.6425,4544,0.00328,0.50771,0.56324,4044,0.01049,0.386,0.50971,3611,0.00638,0.51914,0.44706,3205,0.0088,0.47248,0.14235,995,0.0083,-1.02,-0.15,1,0.03456,0.41286,0.45765,3299,0.01192,0.52324,0.28971,2050,0.00745,0.86686,0.48132,3452,0.00369,0.27781,0.54382,3810,0.01938,0.34371,0.71662,5077,0.01608,0.46933,0.75824,5405,0.00814,0.6,0.59838,4264,0.00506,0.4339,0.21971,1516,0.00941,0.62533,0.43294,3111,0.0051,0.01344,0.06788,0.03456,0.12909
214,21.4,0.34695,0.66015,4657,0.01012,0.07419,0.50412,3578,0.00186,0.38667,0.42412,2981,0.00681,0.26076,0.44485,3178,0.00292,0.2639,0.54471,3913,0.0033,0.62095,0.51882,3741,0.01344,0.47105,0.25265,1835,0.00787,0.3121,0.23735,1713,0.00402,0.26733,0.64471,4544,0.00328,0.50257,0.56662,4043,0.00702,0.38038,0.51132,3610,0.00467,0.51457,0.44926,3205,0.0088,0.46867,0.14559,995,0.0083,0.48562,0.50074,3621,0.00796,0.4101,0.45882,3299,0.01192,0.51971,0.29235,2050,0.00745,0.86533,0.48191,3451,0.00318,0.27371,0.54265,3809,0.02555,0.34162,0.71985,5076,0.01018,0.46267,0.76074,5404,0.00854,0.59705,0.59927,4263,0.00513,0.42819,0.22191,1620,0.00964,0.622,0.43382,3111,0.0051,0.01344,0.06399,0.02555,0.10295
215,21.5,0.34267,0.67059,4761,0.01078,0.0721,0.50544,3578,0.00186,0.38133,0.42824,3086,0.00462,0.25705,0.44794,3177,0.00282,0.25952,0.54647,3913,0.0033,0.61857,0.52,3740,0.01253,0.46705,0.25529,1835,0.00787,0.30667,0.24059,1713,0.00402,0.26314,0.64706,4648,0.00314,0.49743,0.57,4043,0.00702,0.37476,0.51309,3610,0.00467,0.51,0.45147,3204,0.00756,0.46514,0.14912,1099,0.00743,0.48086,0.50368,3621,0.00796,0.40714,0.46,3298,0.01083,0.5161,0.29515,2155,0.00655,0.86381,0.48265,3451,0.00318,0.26962,0.54132,3809,0.02555,0.33962,0.72294,5181,0.01016,0.456,0.76309,5403,0.00777,0.5941,0.60015,4263,0.00513,0.42257,0.22426,1620,0.00964,0.61876,0.43471,3110,0.00462,0.01253,0.05941,0.02555,0.09882
216,21.6,0.33886,0.68132,4866,0.01713,0.0699,0.50662,3578,0.00186,0.37571,0.43221,3085,0.0051,0.25343,0.45103,3177,0.00282,0.25524,0.54794,3912,0.00361,0.61629,0.52132,3740,0.01253,0.46286,0.25779,1834,0.007,0.30133,0.24412,1712,0.00394,0.25914,0.64956,4648,0.00314,0.4921,0.57338,4042,0.0078,0.36905,0.51529,3714,0.00458,0.50524,0.45353,3204,0.00756,0.46162,0.15294,1099,0.00743,0.476,0.50632,3620,0.0085,0.4039,0.46088,3298,0.01083,0.51257,0.29823,2154,0.00918,0.86238,0.48338,3451,0.00318,0.26562,0.53971,3808,0.02541,0.33762,0.72588,5181,0.01016,0.44914,0.76544,5508,0.00763,0.59105,0.60118,4263,0.00513,0.41676,0.22676,1619,0.0105,0.61552,0.43559,3110,0.00462,0.01253,0.05994,0.02541,0.10257
217,21.7,0.33543,0.69147,4971,0.0115,0.06781,0.50779,3578,0.00186,0.3701,0.43588,3084,0.0047,0.24971,0.45412,3177,0.00282,0.25095,0.54912,3912,0.00361,0.6139,0.52265,3740,0.01253,0.45867,0.26029,1834,0.007,0.296,0.24765,1712,0.00394,0.25524,0.65221,4647,0.00281,0.48667,0.57676,4147,0.00912,0.36343,0.51765,3714,0.00458,0.50038,0.45544,3203,0.00871,0.45829,0.15676,1099,0.00743,0.47105,0.50897,3620,0.0085,0.40057,0.46162,3298,0.01083,0.50886,0.30162,2154,0.00918,0.86095,0.48412,3451,0.00318,0.26162,0.53794,3808,0.02541,0.33562,0.72868,5181,0.01016,0.44229,0.7675,5507,0.0125,0.588,0.60221,4262,0.00746,0.41095,0.22941,1619,0.0105,0.61229,0.43662,3110,0.00462,0.01253,0.06168,0.02541,0.10977
218,21.8,0.33219,0.70088,4970,0.01441,0.06571,0.50882,3577,0.00255,0.36429,0.43956,3084,0.0047,0.246,0.45721,3281,0.00265,0.24667,0.55,3911,0.00284,0.61162,0.52382,3740,0.01253,0.45448,0.26279,1833,0.00771,0.29076,0.25118,1816,0.0036,0.25143,0.65485,4647,0.00281,0.48124,0.57985,4146,0.00747,0.35762,0.52015,3713,0.00496,0.49543,0.45735,3308,0.00904,0.45514,0.16073,1098,0.00893,0.46619,0.51147,3619,0.00875,0.39714,0.46221,3297,0.01282,0.50514,0.30515,2154,0.00918,0.85943,0.48485,3451,0.00318,0.25771,0.53588,3808,0.02541,0.33371,0.73132,5181,0.01016,0.43543,0.76956,5506,0.01001,0.58495,0.60324,4367,0.00514,0.40514,0.23221,1618,0.01148,0.60914,0.43779,3109,0.00581,0.01253,0.06086,0.02541,0.11087
219,21.9,0.32876,0.70868,5075,0.01522,0.06352,0.50985,3577,0.00255,0.35848,0.44294,3188,0.00479,0.24219,0.46015,3281,0.00265,0.24238,0.55044,3911,0.00284,0.60924,0.525,3739,0.00581,0.45019,0.26515,1938,0.00671,0.28543,0.25471,1815,0.00323,0.24771,0.65765,4647,0.00281,0.47562,0.58294,4145,0.00743,0.35181,0.52279,3712,0.00387,0.49048,0.45912,3307,0.00743,0.452,0.16485,1203,0.00882,0.46114,0.51382,3619,0.00875,0.39362,0.46279,3297,0.01282,0.50143,0.30897,2258,0.00849,0.858,0.48544,3556,0.00269,0.2539,0.53368,3807,0.01745,0.33171,0.73368,5180,0.0208,0.42838,0.77132,5505,0.01054,0.5819,0.60427,4367,0.00514,0.39933,0.23515,1617,0.01054,0.6061,0.43868,3109,0.00581,0.00743,0.05012,0.0208,0.11185
220,22.0,0.32552,0.715,5075,0.01522,0.06152,0.51074,3577,0.00255,0.35267,0.44618,3188,0.00479,0.23829,0.46294,3281,0.00265,0.238,0.55074,3910,0.00318,0.60705,0.52632,3739,0.00581,0.44581,0.2675,1937,0.00671,0.28019,0.25838,1815,0.00323,0.2441,0.66029,4646,0.00331,0.4699,0.58588,4145,0.00743,0.346,0.52559,3712,0.00387,0.48543,0.46074,3306,0.0096,0.44905,0.16897,1203,0.00882,0.45619,0.51603,3723,0.01093,0.39,0.46309,3296,0.01137,0.49771,0.31309,2258,0.00849,0.85648,0.48618,3555,0.00332,0.2501,0.53118,3807,0.01745,0.32962,0.73559,5285,0.0129,0.42133,0.77309,5505,0.01054,0.57886,0.60544,4366,0.00639,0.39343,0.23809,1722,0.01302,0.60314,0.43971,3109,0.00581,0.0096,0.05313,0.01745,0.10904
221,22.1,0.32238,0.72015,5074,0.01784,0.05943,0.51147,3577,0.00255,0.34676,0.44926,3187,0.00385,0.23438,0.46559,3280,0.00295,0.23371,0.55074,3910,0.00318,0.60486,0.52735,3739,0.00581,0.44152,0.26971,1937,0.00671,0.27495,0.26191,1814,0.00302,0.24057,0.66309,4751,0.0025,0.4641,0.58868,4249,0.00884,0.3401,0.52853,3711,0.00518,0.48038,0.46221,3306,0.0096,0.44629,0.17324,1202,0.01099,0.45114,0.51809,3723,0.01093,0.38638,0.46338,3296,0.01137,0.4939,0.31721,2257,0.00927,0.85495,0.48691,3555,0.00332,0.24629,0.52838,3701,0.03248,0.32743,0.73721,5285,0.0129,0.41419,0.77471,5504,0.00952,0.5759,0.60647,4366,0.00639,0.38752,0.24103,1721,0.01142,0.60019,0.44074,3109,0.00581,0.0096,0.05419,0.03248,0.1244
222,22.2,0.31924,0.72353,5179,0.01623,0.05743,0.51221,3577,0.00255,0.34086,0.45221,3186,0.00381,0.23048,0.46809,3280,0.00295,0.22933,0.55044,3910,0.00318,0.60267,0.52838,3739,0.00581,0.43714,0.27191,1936,0.00668,0.26971,0.26559,1919,0.00346,0.23705,0.66574,4750,0.00298,0.45819,0.59147,4249,0.00884,0.33419,0.53162,3816,0.00536,0.47533,0.46368,3305,0.00679,0.44343,0.1775,1307,0.00804,0.446,0.52015,3722,0.00934,0.38267,0.46368,3296,0.01137,0.49,0.32162,2257,0.00927,0.85343,0.48765,3555,0.00332,0.24257,0.52559,3701,0.03248,0.32514,0.73838,5285,0.0129,0.40705,0.77632,5503,0.0084,0.57286,0.60765,4366,0.00639,0.38162,0.24382,1721,0.01142,0.59724,0.44176,3213,0.00642,0.00884,0.05241,0.03248,0.11935
223,22.3,0.31638,0.72471,5179,0.01623,0.05552,0.51265,3576,0.0021,0.33495,0.45515,3186,0.00381,0.22648,0.47044,3279,0.00265,0.22495,0.55015,3909,0.00309,0.60048,0.52941,3844,0.01074,0.43267,0.27397,1936,0.00668,0.26448,0.26912,1918,0.00367,0.23362,0.66824,4750,0.00298,0.45219,0.59427,4248,0.00677,0.32819,0.53471,3815,0.0039,0.47019,0.465,3305,0.00679,0.44076,0.18191,1307,0.00804,0.44086,0.52206,3722,0.00934,0.37886,0.46382,3295,0.01086,0.4861,0.32603,2362,0.00922,0.8519,0.48838,3555,0.00332,0.23895,0.52265,3701,0.03248,0.32276,0.73912,5284,0.01442,0.39971,0.77779,5502,0.01127,0.5699,0.60882,4365,0.00728,0.37571,0.24676,1720,0.012,0.59438,0.44279,3213,0.00642,0.01074,0.05318,0.03248,0.12465
224,22.4,0.31352,0.72471,5178,0.0154,0.05371,0.51324,3576,0.0021,0.32895,0.45794,3290,0.00561,0.22238,0.4725,3384,0.00329,0.22057,0.54956,3909,0.00309,0.59829,0.53044,3843,0.00899,0.42819,0.27603,1935,0.00518,0.25924,0.27279,1918,0.00367,0.23038,0.67074,4750,0.00298,0.44619,0.59691,4247,0.00875,0.3221,0.53794,3814,0.00335,0.46505,0.46618,3304,0.00869,0.4381,0.18632,1306,0.0098,0.43562,0.52382,3721,0.01417,0.37505,0.46412,3295,0.01086,0.4821,0.33044,2361,0.00747,0.85038,0.48897,3555,0.00332,0.23533,0.51956,3700,0.02296,0.32019,0.73941,5284,0.01442,0.39229,0.77912,5502,0.01127,0.56686,0.60985,4365,0.00728,0.36971,0.24956,1719,0.01276,0.59143,0.44382,3213,0.00642,0.00899,0.0557,0.02296,0.12073
225,22.5,0.31086,0.72441,5178,0.0154,0.052,0.51368,3576,0.0021,0.32305,0.46074,3289,0.00487,0.21829,0.47426,3383,0.00156,0.21629,0.54912,3908,0.00272,0.5961,0.53132,3843,0.00899,0.42371,0.27794,1935,0.00518,0.254,0.27647,1917,0.00367,0.22714,0.67324,4749,0.00279,0.4401,0.59941,4247,0.00875,0.316,0.54118,3814,0.00335,0.4599,0.46735,3304,0.00869,0.43543,0.19074,1306,0.0098,0.43038,0.52559,3721,0.01417,0.37114,0.46441,3294,0.01122,0.478,0.33485,2361,0.00747,0.84876,0.48971,3555,0.00332,0.23181,0.51647,3700,0.02296,0.31743,0.73941,5284,0.01442,0.38476,0.78044,5606,0.01223,0.5639,0.61088,4365,0.00728,0.36381,0.25235,1824,0.01398,0.58848,0.445,3212,0.00842,0.00899,0.05267,0.02296,0.12527
226,22.6,0.30819,0.72382,5178,0.0154,0.05029,0.51397,3576,0.0021,0.31705,0.46353,3289,0.00487,0.21429,0.47603,3383,0.00156,0.212,0.54868,3908,0.00272,0.59381,0.53206,3843,0.00899,0.41924,0.27971,2040,0.00629,0.24876,0.28,2022,0.00304,0.2239,0.67544,4749,0.00279,0.4339,0.60191,4246,0.00738,0.3099,0.54456,3918,0.00345,0.45476,0.46838,3303,0.00807,0.43286,0.19515,1411,0.01087,0.42505,0.52735,3720,0.00989,0.36724,0.46471,3294,0.01122,0.474,0.33912,2465,0.00823,0.84714,0.49029,3554,0.00284,0.22829,0.51338,3594,0.04103,0.31457,0.73882,5284,0.01442,0.37724,0.78147,5605,0.01083,0.56095,0.61176,4364,0.0071,0.35781,0.25515,1823,0.0134,0.58552,0.44618,3212,0.00842,0.00899,0.05126,0.04103,0.13825
227,22.7,0.30581,0.72338,5178,0.0154,0.04867,0.51426,3576,0.0021,0.31105,0.46603,3288,0.00389,0.21029,0.4775,3383,0.00156,0.20781,0.54824,3907,0.00236,0.59152,0.53294,3843,0.00899,0.41476,0.28147,2039,0.00834,0.24362,0.28368,2021,0.00292,0.22086,0.6775,4854,0.00306,0.42771,0.60427,4350,0.00639,0.30381,0.54794,3917,0.00454,0.44962,0.46941,3303,0.00807,0.43029,0.19971,1411,0.01087,0.41962,0.52897,3720,0.00989,0.36314,0.46515,3294,0.01122,0.4699,0.34338,2465,0.00823,0.84562,0.49088,3554,0.00284,0.22486,0.51029,3594,0.04103,0.31152,0.73794,5283,0.01606,0.36962,0.78265,5604,0.01447,0.5579,0.61265,4364,0.0071,0.3519,0.25794,1822,0.01364,0.58257,0.4475,3212,0.00842,0.00899,0.05222,0.04103,0.14377
228,22.8,0.30333,0.72309,5177,0.01592,0.04705,0.51471,3680,0.0016,0.30505,0.46868,3288,0.00389,0.20629,0.47868,3382,0.00253,0.20371,0.54794,3907,0.00236,0.58914,0.53368,3842,0.01111,0.41029,0.28324,2039,0.00834,0.23848,0.28721,2021,0.00292,0.21781,0.67941,4853,0.00359,0.42133,0.60662,4350,0.00639,0.29762,0.55147,3917,0.00454,0.44448,0.47029,3302,0.00624,0.42771,0.20412,1410,0.01006,0.41419,0.53059,3824,0.01111,0.35895,0.46559,3293,0.01249,0.4659,0.34735,2464,0.01009,0.8441,0.49147,3554,0.00284,0.22143,0.50721,3594,0.04103,0.30829,0.73676,5283,0.01606,0.3619,0.78368,5604,0.01447,0.55495,0.61353,4364,0.0071,0.346,0.26088,1822,0.01364,0.57952,0.44868,3211,0.00647,0.01111,0.05351,0.04103,0.14536
229,22.9,0.30029,0.72294,5177,0.01592,0.04543,0.515,3680,0.0016,0.29905,0.47118,3392,0.00622,0.20229,0.47985,3382,0.00253,0.19971,0.54779,3906,0.00275,0.58676,0.53456,3842,0.01111,0.40581,0.28485,2038,0.00587,0.23343,0.29059,2020,0.00345,0.21486,0.68103,4853,0.00359,0.41505,0.60868,4349,0.00514,0.29152,0.555,3916,0.0035,0.43933,0.47118,3407,0.00634,0.42524,0.20853,1515,0.00858,0.40876,0.53206,3823,0.00899,0.35467,0.46618,3293,0.01249,0.4619,0.35132,2464,0.01009,0.84257,0.49191,3554,0.00284,0.218,0.50426,3593,0.02182,0.30495,0.73529,5178,0.0154,0.35419,0.78456,5603,0.00958,0.552,0.61426,4363,0.0071,0.3401,0.26353,1821,0.01499,0.57648,0.45015,3211,0.00647,0.01111,0.0521,0.02182,0.11835
230,23.0,0.29676,0.72221,5177,0.01592,0.044,0.51529,3680,0.0016,0.29305,0.47368,3391,0.00397,0.19838,0.48074,3381,0.00325,0.19581,0.54779,3906,0.00275,0.58429,0.53529,3842,0.01111,0.40133,0.28647,2038,0.00587,0.22838,0.29412,2124,0.00298,0.212,0.6825,4853,0.00359,0.40867,0.61074,4348,0.00586,0.28552,0.55853,3915,0.00383,0.43419,0.47191,3406,0.00596,0.42286,0.21309,1515,0.00858,0.40324,0.53338,3823,0.00899,0.35029,0.46662,3292,0.01202,0.45781,0.355,2569,0.00926,0.84095,0.4925,3554,0.00284,0.21457,0.50132,3593,0.02182,0.30152,0.73368,5177,0.01592,0.34638,0.78544,5602,0.01174,0.54905,0.61485,4363,0.0071,0.33429,0.26632,1926,0.01367,0.57352,0.45147,3211,0.00647,0.01111,0.05077,0.02182,0.11841
231,23.1,0.29267,0.72118,5176,0.01729,0.04248,0.51559,3680,0.0016,0.28714,0.47618,3391,0.00397,0.19448,0.48162,3381,0.00325,0.192,0.54794,3906,0.00275,0.5819,0.53603,3842,0.01111,0.39686,0.28809,2037,0.00505,0.22343,0.2975,2124,0.00298,0.20914,0.68353,4852,0.00225,0.40219,0.61265,4348,0.00586,0.27943,0.56221,4020,0.00405,0.42905,0.47265,3406,0.00596,0.42048,0.2175,1515,0.00858,0.39762,0.53471,3822,0.01074,0.34581,0.46721,3292,0.01202,0.45381,0.35853,2568,0.00858,0.83952,0.49279,3554,0.00284,0.21114,0.49824,3488,0.05025,0.29781,0.73176,5177,0.01592,0.33867,0.78618,5601,0.01073,0.5461,0.61559,4363,0.0071,0.32848,0.26897,1925,0.01444,0.57048,0.45294,3210,0.00814,0.01111,0.04883,0.05025,0.14934
232,23.2,0.28829,0.71971,5071,0.01476,0.04095,0.51588,3680,0.0016,0.28124,0.47838,3390,0.00346,0.19067,0.48221,3381,0.00325,0.18829,0.54838,3905,0.00397,0.57933,0.53677,3841,0.01017,0.39238,0.28971,2037,0.00505,0.21848,0.30073,2123,0.00309,0.20638,0.68441,4852,0.00225,0.39571,0.61441,4347,0.00537,0.27352,0.56588,4019,0.00365,0.4239,0.47338,3405,0.00487,0.41819,0.22176,1619,0.0105,0.3921,0.53588,3822,0.01074,0.34133,0.46779,3291,0.01655,0.44981,0.36206,2568,0.00858,0.838,0.49324,3553,0.00237,0.20771,0.49529,3487,0.06538,0.294,0.72985,5176,0.01729,0.33095,0.78691,5600,0.01321,0.54324,0.61618,4363,0.0071,0.32267,0.27162,1924,0.01918,0.56752,0.45426,3210,0.00814,0.01017,0.04673,0.06538,0.17904
233,23.3,0.28381,0.71824,5070,0.01552,0.03943,0.51632,3680,0.0016,0.27552,0.48074,3389,0.0035,0.18676,0.48265,3380,0.00232,0.18476,0.54912,3905,0.00397,0.57686,0.5375,3841,0.01017,0.388,0.29118,2036,0.00533,0.21362,0.30397,2123,0.00309,0.20362,0.685,4852,0.00225,0.38924,0.61603,4346,0.00476,0.26762,0.56956,4019,0.00365,0.41886,0.47397,3404,0.0059,0.4159,0.22588,1619,0.0105,0.38657,0.53691,3821,0.01179,0.33667,0.46824,3291,0.01655,0.4459,0.36515,2567,0.01175,0.83657,0.49368,3553,0.00237,0.20429,0.49235,3487,0.06538,0.29,0.72765,5176,0.01729,0.32324,0.7875,5599,0.01514,0.54038,0.61662,4362,0.00771,0.31695,0.27397,1924,0.01918,0.56457,0.45559,3210,0.00814,0.01017,0.04654,0.06538,0.1858
234,23.4,0.27971,0.71662,5070,0.01552,0.038,0.51662,3679,0.00165,0.26981,0.48294,3389,0.0035,0.18295,0.48294,3380,0.00232,0.18124,0.55,3905,0.00397,0.57448,0.53809,3841,0.01017,0.38362,0.2925,2036,0.00533,0.20876,0.30721,2122,0.0022,0.20086,0.68529,4852,0.00225,0.38286,0.6175,4346,0.00476,0.2619,0.57353,4018,0.00288,0.41371,0.47456,3404,0.0059,0.41371,0.23,1619,0.0105,0.38095,0.53794,3820,0.01395,0.3321,0.46882,3290,0.01274,0.4421,0.36824,2672,0.00938,0.83514,0.49412,3553,0.00237,0.20086,0.48941,3487,0.06538,0.28571,0.72559,5175,0.01419,0.31562,0.78794,5599,0.01514,0.53752,0.61721,4362,0.00771,0.31124,0.27632,1923,0.01369,0.56171,0.45691,3314,0.00624,0.01017,0.04493,0.06538,0.17129
235,23.5,0.27543,0.715,5069,0.01668,0.03667,0.51706,3679,0.00165,0.26429,0.48515,3388,0.00341,0.17914,0.48309,3379,0.00367,0.178,0.55132,3904,0.00155,0.5721,0.53882,3841,0.01017,0.37933,0.29397,2035,0.00566,0.204,0.31029,2227,0.00221,0.1981,0.68544,4851,0.00245,0.37638,0.61882,4450,0.00515,0.25619,0.5775,4122,0.00322,0.40867,0.47515,3403,0.00771,0.41152,0.23382,1619,0.0105,0.37543,0.53882,3820,0.01395,0.32733,0.46926,3290,0.01274,0.43829,0.37132,2672,0.00938,0.83381,0.49441,3553,0.00237,0.19733,0.48647,3486,0.0409,0.28133,0.72353,5175,0.01419,0.3081,0.78838,5598,0.01129,0.53476,0.61779,4467,0.00613,0.30552,0.27838,1923,0.01369,0.55895,0.45824,3314,0.00624,0.01017,0.04685,0.0409,0.14138
236,23.6,0.27095,0.71324,5069,0.01668,0.03533,0.51735,3679,0.00165,0.25886,0.48735,3493,0.00337,0.17533,0.48309,3379,0.00367,0.17476,0.55294,3904,0.00155,0.56971,0.53941,3840,0.0107,0.37505,0.29544,2140,0.00635,0.19933,0.31338,2226,0.00218,0.19543,0.68544,4851,0.00245,0.3699,0.62015,4449,0.00453,0.25067,0.58162,4122,0.00322,0.40371,0.47574,3403,0.00771,0.40933,0.23765,1723,0.01065,0.37,0.53971,3819,0.01529,0.32257,0.46971,3289,0.01969,0.43448,0.37412,2671,0.00947,0.83248,0.49471,3553,0.00237,0.19381,0.48368,3381,0.07552,0.27667,0.72147,5175,0.01419,0.30067,0.78868,5597,0.01879,0.5321,0.61824,4466,0.00696,0.2999,0.28059,2027,0.01976,0.55619,0.45941,3314,0.00624,0.0107,0.04738,0.07552,0.19893
237,23.7,0.266,0.71147,5068,0.03294,0.034,0.51779,3679,0.00165,0.25352,0.48941,3492,0.00362,0.17152,0.48294,3379,0.00367,0.17171,0.55485,3904,0.00155,0.56743,0.54015,3840,0.0107,0.37076,0.29676,2139,0.00497,0.19476,0.31647,2226,0.00218,0.19267,0.68529,4851,0.00245,0.36352,0.62118,4449,0.00453,0.24524,0.58603,4121,0.00314,0.39867,0.47618,3402,0.0065,0.40714,0.24132,1723,0.01065,0.36448,0.54044,3819,0.01529,0.31771,0.47015,3289,0.01969,0.43076,0.37691,2671,0.00947,0.83105,0.495,3553,0.00237,0.19029,0.48088,3380,0.00687,0.27181,0.71941,5069,0.01668,0.29333,0.78897,5596,0.01473,0.52943,0.61868,4466,0.00696,0.29438,0.2825,2026,0.02067,0.55352,0.46074,3314,0.00624,0.0107,0.04496,0.02067,0.12962
238,23.8,0.26076,0.70985,5068,0.03294,0.03276,0.51824,3679,0.00165,0.24829,0.49162,3492,0.00362,0.16771,0.48279,3378,0.00252,0.16867,0.55721,3903,0.00329,0.56514,0.54074,3840,0.0107,0.36648,0.29823,2139,0.00497,0.1901,0.31956,2225,0.00257,0.18981,0.68515,4850,0.00256,0.35705,0.62206,4448,0.00495,0.2399,0.59044,4226,0.00403,0.39371,0.47662,3402,0.0065,0.40495,0.24485,1723,0.01065,0.35905,0.54118,3818,0.01062,0.31295,0.47044,3288,0.01516,0.42714,0.37956,2670,0.00977,0.82981,0.49529,3553,0.00237,0.18676,0.47809,3380,0.00687,0.26686,0.71735,5069,0.01668,0.286,0.78912,5596,0.01473,0.52676,0.61926,4466,0.00696,0.28886,0.28441,2026,0.02067,0.55095,0.46191,3313,0.00807,0.0107,0.04736,0.02067,0.12255
239,23.9,0.25543,0.70809,5067,0.01946,0.03152,0.51868,3679,0.00165,0.24324,0.49368,3491,0.00328,0.1639,0.4825,3378,0.00252,0.16581,0.55971,4008,0.00203,0.56286,0.54118,3840,0.0107,0.36229,0.29971,2139,0.00497,0.18562,0.32279,2225,0.00257,0.18705,0.685,4850,0.00256,0.35076,0.62294,4447,0.00303,0.23457,0.595,4225,0.00287,0.38876,0.47706,3401,0.0056,0.40267,0.24824,1723,0.01065,0.35371,0.54191,3818,0.01062,0.30819,0.47074,3393,0.01992,0.42343,0.38221,2670,0.00977,0.82848,0.49559,3552,0.0036,0.18314,0.47529,3380,0.00687,0.26181,0.71544,5068,0.03294,0.27876,0.78912,5595,0.01283,0.52419,0.61971,4466,0.00696,0.28343,0.28632,2025,0.01867,0.54848,0.46324,3313,0.00807,0.0107,0.04178,0.03294,0.1409
240,24.0,0.25,0.70603,5067,0.01946,0.03038,0.51941,3679,0.00165,0.23829,0.49574,3491,0.00328,0.16019,0.48221,3377,0.00257,0.16305,0.56265,4008,0.00203,0.56057,0.54177,3839,0.01097,0.358,0.30118,2138,0.00446,0.18124,0.32588,2330,0.00305,0.18419,0.68471,4850,0.00256,0.34438,0.62353,4447,0.00303,0.22943,0.59985,4225,0.00287,0.38381,0.47735,3401,0.0056,0.40038,0.25162,1828,0.01051,0.34829,0.5425,3817,0.01539,0.30333,0.47088,3392,0.01344,0.41981,0.38471,2775,0.00968,0.82724,0.49588,3552,0.0036,0.17952,0.47279,3379,0.04704,0.25657,0.71353,5067,0.01946,0.27152,0.78912,5594,0.01707,0.52171,0.62015,4465,0.00646,0.278,0.28824,2025,0.01867,0.5461,0.46441,3313,0.00807,0.01097,0.04207,0.04704,0.16939
241,24.1,0.24438,0.70368,4961,0.00986,0.02924,0.52015,3679,0.00165,0.23352,0.49779,3490,0.00287,0.15648,0.48176,3377,0.00257,0.16038,0.56588,4007,0.00222,0.55838,0.54221,3839,0.01097,0.35381,0.30279,2138,0.00446,0.17686,0.32897,2329,0.00241,0.18124,0.68441,4850,0.00256,0.3381,0.62412,4446,0.00417,0.22438,0.60471,4329,0.00283,0.37886,0.47765,3400,0.00537,0.3981,0.25471,1827,0.01042,0.34295,0.54309,3817,0.01539,0.29867,0.47103,3392,0.01344,0.41619,0.38721,2774,0.01097,0.8259,0.49618,3552,0.0036,0.1759,0.47044,3274,0.0,0.25133,0.71162,5067,0.01946,0.26448,0.78912,5593,0.0145,0.51924,0.62059,4465,0.00646,0.27267,0.29015,2024,0.01296,0.54362,0.46559,3313,0.00807,0.01097,0.04208,0.01946,0.11527
242,24.2,0.23876,0.70162,4961,0.00986,0.02819,0.52073,3678,0.0017,0.22876,0.5,3595,0.00309,0.15276,0.48132,3377,0.00257,0.15781,0.56926,4007,0.00222,0.5561,0.5425,3839,0.01097,0.34962,0.30426,2137,0.00514,0.17257,0.33221,2329,0.00241,0.17838,0.68426,4849,0.00194,0.3319,0.62441,4445,0.00445,0.21943,0.60956,4329,0.00283,0.374,0.47794,3400,0.00537,0.39571,0.25779,1827,0.01042,0.33762,0.54368,3816,0.01737,0.29391,0.47118,3391,0.01904,0.41276,0.38941,2774,0.01097,0.82467,0.49647,3552,0.0036,0.17229,0.46838,3274,0.0,0.2461,0.70971,5066,0.01899,0.25733,0.78912,5593,0.0145,0.51686,0.62103,4465,0.00646,0.26733,0.29191,2024,0.01296,0.54133,0.46662,3312,0.00869,0.01097,0.04269,0.01904,0.123
243,24.3,0.23305,0.69985,4960,0.02789,0.02724,0.52132,3678,0.0017,0.22419,0.50221,3594,0.00361,0.14905,0.48088,3376,0.00212,0.15524,0.57294,4007,0.00222,0.55381,0.54294,3839,0.01097,0.34552,0.30588,2137,0.00514,0.16838,0.33544,2328,0.00195,0.17533,0.68397,4849,0.00194,0.32571,0.62471,4445,0.00445,0.21448,0.61441,4328,0.00446,0.36914,0.47809,3399,0.00529,0.39324,0.26059,1827,0.01042,0.33238,0.54441,3920,0.017,0.28924,0.47132,3391,0.01904,0.40933,0.39176,2773,0.01148,0.82333,0.49676,3552,0.0036,0.16867,0.46647,3273,0.01446,0.24076,0.70779,5066,0.01899,0.25019,0.78912,5592,0.01983,0.51438,0.62147,4465,0.00646,0.2621,0.29382,2023,0.01307,0.53914,0.46779,3312,0.00869,0.01097,0.04385,0.01983,0.14304
244,24.4,0.22686,0.69794,4959,0.01453,0.02638,0.52191,3678,0.0017,0.21962,0.50456,3594,0.00361,0.14543,0.48044,3376,0.00212,0.15267,0.57676,4112,0.00233,0.55162,0.54324,3838,0.00881,0.34133,0.3075,2136,0.00433,0.16429,0.33868,2433,0.00267,0.17238,0.68353,4849,0.00194,0.31952,0.625,4444,0.00431,0.20962,0.61926,4433,0.00266,0.36429,0.47838,3399,0.00529,0.39076,0.26338,1827,0.01042,0.32714,0.545,3920,0.017,0.28448,0.47147,3390,0.01318,0.40581,0.39382,2773,0.01148,0.8221,0.49706,3552,0.0036,0.16505,0.46471,3273,0.01446,0.23543,0.70588,4960,0.02789,0.24314,0.78897,5591,0.01415,0.512,0.62191,4464,0.00639,0.25676,0.29574,2127,0.02247,0.53686,0.46882,3312,0.00869,0.00881,0.03977,0.02789,0.14973
245,24.5,0.22095,0.69529,4959,0.01453,0.02562,0.52265,3678,0.0017,0.21514,0.50706,3593,0.00259,0.14181,0.48,3375,0.00318,0.15019,0.58074,4111,0.0022,0.54933,0.54353,3838,0.00881,0.33724,0.30912,2241,0.00485,0.16038,0.34176,2432,0.00278,0.16933,0.68309,4848,0.00225,0.31343,0.62529,4443,0.00506,0.20486,0.62412,4432,0.00366,0.35952,0.47853,3398,0.00356,0.38829,0.26618,1931,0.01,0.322,0.54574,3919,0.01799,0.27971,0.47162,3390,0.01318,0.40248,0.39603,2773,0.01148,0.82076,0.49735,3552,0.0036,0.16143,0.46324,3272,0.01675,0.2301,0.70397,4960,0.02789,0.2361,0.78897,5590,0.01565,0.50952,0.62221,4464,0.00639,0.25152,0.29779,2127,0.02247,0.53467,0.47,3312,0.00869,0.00881,0.04064,0.02789,0.15409
246,24.6,0.21552,0.69279,4958,0.04223,0.02495,0.52324,3678,0.0017,0.21067,0.50956,3593,0.00259,0.13819,0.47956,3375,0.00318,0.14762,0.58471,4111,0.0022,0.54714,0.54382,3838,0.00881,0.33305,0.31074,2240,0.00444,0.15648,0.345,2432,0.00278,0.16619,0.68265,4848,0.00225,0.30733,0.62544,4443,0.00506,0.20019,0.62882,4432,0.00366,0.35476,0.47868,3398,0.00356,0.38571,0.26868,1931,0.01,0.31676,0.54662,3919,0.01799,0.27495,0.47162,3389,0.02705,0.39905,0.39809,2877,0.01097,0.81952,0.49765,3552,0.0036,0.1579,0.46191,3272,0.01675,0.22476,0.70206,4959,0.01453,0.22905,0.78882,5590,0.01565,0.50705,0.62265,4464,0.00639,0.24629,0.29985,2126,0.03736,0.53257,0.47088,3416,0.00638,0.00881,0.04023,0.03736,0.16667
247,24.7,0.21076,0.69074,4853,0.01145,0.02429,0.52397,3678,0.0017,0.20638,0.51235,3592,0.00317,0.13457,0.47897,3375,0.00318,0.14505,0.58868,4216,0.00267,0.54486,0.54412,3943,0.0099,0.32895,0.3125,2240,0.00444,0.15267,0.34824,2432,0.00278,0.16314,0.68206,4848,0.00225,0.30133,0.62559,4442,0.00406,0.19552,0.63324,4536,0.00256,0.35,0.47897,3397,0.00383,0.38324,0.27118,1931,0.01,0.31162,0.54735,3918,0.01296,0.27009,0.47176,3389,0.02705,0.39562,0.40015,2877,0.01097,0.81838,0.49794,3551,0.00159,0.15438,0.46088,3272,0.01675,0.21943,0.70029,4959,0.01453,0.222,0.78868,5589,0.01648,0.50457,0.62309,4463,0.00854,0.24114,0.30206,2126,0.03736,0.53038,0.47191,3416,0.00638,0.0099,0.04054,0.03736,0.16261
248,24.8,0.20629,0.68868,4852,0.02318,0.02381,0.52471,3678,0.0017,0.202,0.51515,3697,0.00313,0.13105,0.47853,3374,0.00369,0.14238,0.59265,4215,0.00273,0.54267,0.54441,3942,0.00985,0.32495,0.31412,2240,0.00444,0.14895,0.35147,2431,0.00221,0.16,0.68162,4847,0.00189,0.29533,0.62574,4442,0.00406,0.19095,0.63765,4536,0.00256,0.34533,0.47912,3397,0.00383,0.38076,0.27368,1930,0.01578,0.30648,0.54824,3918,0.01296,0.26514,0.47176,3388,0.02348,0.39229,0.40221,2877,0.01097,0.81724,0.49824,3551,0.00159,0.15086,0.46015,3271,0.0,0.21419,0.69853,4958,0.04223,0.21505,0.78868,5588,0.02445,0.50209,0.62338,4463,0.00854,0.2359,0.30441,2125,0.01562,0.52829,0.47279,3416,0.00638,0.00985,0.04009,0.04223,0.162
249,24.9,0.20162,0.68676,4852,0.02318,0.02333,0.52544,3678,0.0017,0.19771,0.51809,3696,0.00199,0.12743,0.47809,3374,0.00369,0.13971,0.59647,4215,0.00273,0.54057,0.54485,3942,0.00985,0.32086,0.31588,2239,0.00402,0.14524,0.35471,2536,0.002,0.15686,0.68103,4847,0.00189,0.28943,0.62588,4441,0.00352,0.18638,0.64176,4535,0.00292,0.34076,0.47941,3396,0.00416,0.37829,0.27603,1930,0.01578,0.30124,0.54912,3917,0.01679,0.26019,0.47176,3388,0.02348,0.38895,0.40426,2876,0.01234,0.816,0.49853,3551,0.00159,0.14733,0.45971,3271,0.0,0.20886,0.69691,4957,0.02019,0.208,0.78853,5587,0.02204,0.49962,0.62382,4463,0.00854,0.23067,0.30691,2125,0.01562,0.52619,0.47353,3416,0.00638,0.00985,0.03847,0.02348,0.14275
250,25.0,0.19695,0.68588,4851,0.00796,0.02286,0.52618,3678,0.0017,0.19352,0.52118,3696,0.00199,0.1239,0.47779,3374,0.00369,0.13705,0.60029,4215,0.00273,0.53848,0.54515,3942,0.00985,0.31676,0.31765,2239,0.00402,0.14171,0.35779,2535,0.00279,0.15371,0.68059,4847,0.00189,0.28352,0.62603,4440,0.00492,0.1819,0.64559,4535,0.00292,0.33619,0.47985,3396,0.00416,0.37581,0.27838,1930,0.01578,0.2961,0.55015,3917,0.01679,0.25524,0.47176,3387,0.01045,0.38552,0.40632,2876,0.01234,0.81495,0.49882,3551,0.00159,0.1439,0.45956,3271,0.0,0.20371,0.69559,4957,0.02019,0.20105,0.78838,5587,0.02204,0.49724,0.62426,4463,0.00854,0.22543,0.30956,2229,0.01402,0.52419,0.47426,3416,0.00638,0.00985,0.04066,0.02204,0.12812
251,25.1,0.19248,0.68485,4851,0.00796,0.02248,0.52691,3678,0.0017,0.18933,0.52426,3695,0.00289,0.12048,0.47765,3373,0.00364,0.13429,0.60368,4320,0.00191,0.53648,0.54529,3942,0.00985,0.31276,0.31956,2238,0.00417,0.13819,0.36088,2535,0.00279,0.15057,0.68015,4846,0.00224,0.27771,0.62618,4440,0.00492,0.17743,0.64941,4639,0.00287,0.33171,0.48015,3395,0.00448,0.37343,0.28074,2035,0.01157,0.29086,0.55088,3916,0.03061,0.25029,0.47176,3387,0.01045,0.38219,0.40838,2876,0.01234,0.81381,0.49897,3551,0.00159,0.14057,0.45956,3270,0.01167,0.19867,0.69441,4956,0.02232,0.1941,0.78824,5586,0.04924,0.49486,0.62471,4462,0.00967,0.22019,0.3125,2229,0.01402,0.52219,0.47485,3415,0.00635,0.00985,0.04146,0.04924,0.17983
252,25.2,0.1879,0.68382,4850,0.01026,0.02219,0.52765,3678,0.0017,0.18524,0.52721,3695,0.00289,0.11695,0.4775,3373,0.00364,0.13152,0.60676,4319,0.00224,0.53457,0.54559,3942,0.00985,0.30876,0.32132,2238,0.00417,0.13476,0.36382,2535,0.00279,0.14733,0.67985,4846,0.00224,0.272,0.62647,4439,0.00291,0.17305,0.65294,4639,0.00287,0.32733,0.48059,3395,0.00448,0.37105,0.28309,2034,0.02055,0.28552,0.55176,3915,0.01928,0.24533,0.47162,3386,0.03145,0.37886,0.41044,2875,0.01306,0.81267,0.49926,3551,0.00159,0.13714,0.46,3270,0.01167,0.19371,0.69338,4956,0.02232,0.18714,0.78824,5585,0.01842,0.49257,0.62515,4462,0.00967,0.21495,0.31544,2228,0.02496,0.52019,0.47559,3415,0.00635,0.00985,0.03978,0.03145,0.17932
253,25.3,0.18362,0.68353,4850,0.01026,0.0219,0.52838,3678,0.0017,0.18105,0.53015,3800,0.00301,0.11362,0.47765,3372,0.00218,0.12876,0.60971,4319,0.00224,0.53267,0.54588,3941,0.00907,0.30467,0.32324,2237,0.00478,0.13143,0.36676,2534,0.00281,0.14419,0.67941,4846,0.00224,0.26638,0.62662,4438,0.00336,0.16886,0.65632,4638,0.0021,0.32295,0.48118,3394,0.00475,0.36876,0.28544,2034,0.02055,0.28029,0.5525,3915,0.01928,0.24038,0.47147,3386,0.03145,0.37543,0.41265,2980,0.01421,0.81162,0.49956,3551,0.00159,0.13381,0.46074,3270,0.01167,0.18886,0.6925,4955,0.0449,0.18029,0.78809,5584,0.02966,0.49029,0.62559,4462,0.00967,0.20971,0.31868,2228,0.02496,0.51838,0.47632,3415,0.00635,0.00907,0.03824,0.0449,0.21429
254,25.4,0.17924,0.68485,4849,0.06198,0.02152,0.52926,3678,0.0017,0.17695,0.53309,3799,0.00323,0.11029,0.47779,3372,0.00218,0.1259,0.61221,4319,0.00224,0.53086,0.54603,3941,0.00907,0.30076,0.325,2342,0.00398,0.12819,0.36956,2639,0.00258,0.14105,0.67926,4845,0.00147,0.26086,0.62706,4438,0.00336,0.16476,0.65956,4638,0.0021,0.31867,0.48176,3394,0.00475,0.36657,0.28779,2034,0.02055,0.27495,0.55309,3914,0.01628,0.23552,0.47132,3385,0.00796,0.3721,0.41471,2980,0.01421,0.81048,0.49985,3551,0.00159,0.13057,0.46191,3269,0.09926,0.1841,0.69176,4955,0.0449,0.17343,0.78794,5584,0.02966,0.4881,0.62603,4462,0.00967,0.20448,0.32221,2227,0.02332,0.51657,0.47691,3415,0.00635,0.00907,0.03666,0.09926,0.27375
255,25.5,0.1741,0.68735,4849,0.06198,0.02124,0.53015,3783,0.00137,0.17286,0.53573,3799,0.00323,0.10705,0.47838,3372,0.00218,0.12286,0.61441,4318,0.0025,0.52905,0.54618,3941,0.00907,0.29676,0.32677,2342,0.00398,0.12495,0.37221,2639,0.00258,0.13781,0.67897,4845,0.00147,0.25552,0.62735,4437,0.00302,0.16076,0.66265,4742,0.00205,0.31438,0.4825,3394,0.00475,0.36448,0.29,2034,0.02055,0.26962,0.55368,3914,0.01628,0.23067,0.47118,3385,0.00796,0.36876,0.41676,2979,0.01228,0.80943,0.50015,3655,0.00248,0.12724,0.46338,3269,0.09926,0.17952,0.69103,4849,0.06198,0.16657,0.78779,5583,0.02156,0.4859,0.62632,4462,0.00967,0.19933,0.32574,2331,0.03031,0.51476,0.47765,3415,0.00635,0.00907,0.0362,0.09926,0.28868
256,25.6,0.16733,0.69059,4848,0.0118,0.02095,0.53073,3783,0.00137,0.16867,0.53824,3798,0.00238,0.10381,0.47897,3371,0.00221,0.11981,0.61618,4318,0.0025,0.52733,0.54647,3941,0.00907,0.29286,0.32868,2341,0.00385,0.12181,0.37485,2638,0.00238,0.13448,0.67882,4845,0.00147,0.25029,0.62794,4437,0.00302,0.15686,0.66544,4742,0.00205,0.3101,0.48324,3393,0.00425,0.36238,0.29221,2034,0.02055,0.26438,0.55397,3913,0.01452,0.2259,0.47103,3384,0.01774,0.36552,0.41897,2979,0.01228,0.80829,0.50044,3655,0.00248,0.124,0.46529,3269,0.09926,0.17505,0.69015,4849,0.06198,0.15971,0.78765,5582,0.02525,0.48371,0.62676,4461,0.00768,0.19419,0.32941,2331,0.03031,1.38,-1.46,105,0.0,0.00907,0.03455,0.09926,0.29205
257,25.7,0.15895,0.69412,4952,0.05673,0.02067,0.53132,3783,0.00137,0.16448,0.54059,3798,0.00238,0.10067,0.47985,3371,0.00221,0.11657,0.61765,4318,0.0025,0.52562,0.54662,3941,0.00907,0.28905,0.33044,2341,0.00385,0.11876,0.37721,2638,0.00238,0.13124,0.67882,4844,0.00136,0.24524,0.62868,4436,0.00393,0.15314,0.66794,4742,0.00205,0.3059,0.48397,3393,0.00425,0.36029,0.29426,2138,0.01261,0.25905,0.55426,3913,0.01452,0.22105,0.47074,3384,0.01774,0.36238,0.42103,2979,0.01228,0.80733,0.50074,3655,0.00248,0.12067,0.46779,3268,0.0116,0.17067,0.68912,4848,0.0118,0.15286,0.78735,5582,0.02525,0.48152,0.62706,4461,0.00768,0.18895,0.33324,2330,0.02113,1.21,-1.41,105,0.0,0.00907,0.03535,0.02525,0.13709
258,25.8,0.14933,0.69765,4951,0.01532,0.02038,0.53206,3783,0.00137,0.16009,0.54279,3797,0.00206,0.09752,0.48074,3371,0.00221,0.11305,0.61868,4422,0.00238,0.5239,0.54676,3941,0.00907,0.28524,0.33221,2340,0.0043,0.11571,0.37956,2638,0.00238,0.12781,0.67882,4844,0.00136,0.24029,0.62956,4436,0.00393,0.14952,0.67,4741,0.00237,0.30171,0.48485,3392,0.00622,0.35829,0.29647,2138,0.01261,0.25371,0.55441,3912,0.00894,0.21629,0.47029,3278,0.04571,0.35924,0.42309,2978,0.01411,0.80629,0.50088,3655,0.00248,0.11733,0.47044,3268,0.0116,0.16638,0.68765,4848,0.0118,0.146,0.78706,5581,0.02201,0.47924,0.6275,4461,0.00768,0.18381,0.33735,2330,0.02113,1.05,-1.35,105,0.0,0.00907,0.03765,0.04571,0.15807
259,25.9,0.13914,0.70103,4950,0.00421,0.02,0.53265,3783,0.00137,0.15571,0.54471,3902,0.00242,0.09429,0.48191,3370,0.00203,0.10933,0.61956,4422,0.00238,0.52229,0.54706,3940,0.00797,0.28152,0.33412,2340,0.0043,0.11267,0.38176,2637,0.00224,0.12429,0.67882,4844,0.00136,0.23552,0.63059,4435,0.00375,0.1459,0.67176,4741,0.00237,0.29743,0.48588,3497,0.00363,0.35619,0.29853,2138,0.01261,0.24848,0.55456,3912,0.00894,0.21152,0.47,3278,0.04571,0.35619,0.42515,2978,0.01411,0.80514,0.50118,3655,0.00248,0.114,0.47368,3372,0.05326,0.16219,0.68603,4848,0.0118,0.13905,0.78647,5580,0.0196,0.47705,0.62779,4461,0.00768,0.17867,0.34162,2434,0.02181,0.88,-1.28,93,0.00164,0.00797,0.03382,0.05326,0.19964
260,26.0,0.12924,0.70471,4949,0.02831,0.01971,0.53309,3783,0.00137,0.15133,0.54632,3901,0.00376,0.09105,0.48309,3370,0.00203,0.10543,0.62015,4422,0.00238,0.52057,0.54735,3940,0.00797,0.2779,0.33588,2340,0.0043,0.10962,0.38382,2742,0.00232,0.12057,0.67897,4843,0.00252,0.23086,0.63176,4435,0.00375,0.14229,0.67309,4740,0.00216,0.29324,0.48691,3496,0.00388,0.35419,0.30044,2138,0.01261,0.24324,0.55456,3911,0.03456,0.20686,0.46956,3277,0.27178,0.35314,0.42721,3083,0.01227,0.8041,0.50147,3655,0.00248,0.11057,0.47721,3372,0.05326,0.1581,0.68382,4847,0.01736,0.13219,0.78588,5579,0.02536,0.47476,0.62809,4460,0.00879,0.17352,0.34603,2434,0.02181,0.73,-1.22,77,0.00236,0.00797,0.03644,0.27178,0.46264
261,26.1,0.11971,0.70868,5053,0.01576,0.01933,0.53353,3783,0.00137,0.14676,0.54779,3901,0.00376,0.08771,0.48456,3370,0.00203,0.10133,0.62059,4421,0.00299,0.51895,0.54765,3940,0.00797,0.27429,0.33779,2339,0.00351,0.10667,0.38588,2742,0.00232,0.11676,0.67912,4843,0.00252,0.22638,0.63309,4539,0.0031,0.13867,0.67397,4740,0.00216,0.28895,0.48794,3496,0.00388,0.35219,0.3025,2137,0.01355,0.238,0.55456,3910,0.02313,0.2021,0.46926,3277,0.27178,0.3501,0.42912,3082,0.01445,0.80305,0.50162,3655,0.00248,0.10705,0.48103,3372,0.05326,0.154,0.68118,4847,0.01736,0.12533,0.785,5579,0.02536,0.47267,0.62838,4460,0.00879,0.16838,0.35044,2433,0.0215,0.57,-1.16,60,0.00545,0.00797,0.03561,0.27178,0.45711
262,26.2,0.11067,0.71221,5052,0.01952,0.01886,0.53397,3782,0.002,0.14229,0.54912,3900,0.00228,0.08429,0.48618,3474,0.00192,0.09714,0.62074,4421,0.00299,0.51743,0.54779,3940,0.00797,0.27076,0.33971,2444,0.009,0.10371,0.38809,2741,0.00191,0.11276,0.67941,4842,0.00227,0.2221,0.63441,4539,0.0031,0.13495,0.67426,4740,0.00216,0.28467,0.48897,3495,0.00414,0.35029,0.30426,2137,0.01355,0.23286,0.55456,3910,0.02313,0.19743,0.46897,3276,0.02001,0.34714,0.43118,3082,0.01445,0.802,0.50191,3655,0.00248,0.10343,0.48529,3371,0.57143,0.15,0.67809,4846,0.02225,0.11848,0.78382,5578,0.01702,0.47057,0.62868,4460,0.00879,0.16333,0.355,2538,0.0821,0.43,-1.1,46,0.00624,0.009,0.03974,0.57143,0.78145
263,26.3,0.10238,0.715,5051,0.01911,0.01838,0.53426,3782,0.002,0.13771,0.55029,3900,0.00228,0.08095,0.48779,3474,0.00192,0.09267,0.62088,4420,0.00162,0.51581,0.54809,3940,0.00797,0.26724,0.34162,2444,0.009,0.10076,0.39029,2741,0.00191,0.10857,0.67971,4842,0.00227,0.2179,0.63603,4538,0.00277,0.13114,0.67397,4739,0.00225,0.28029,0.49,3495,0.00414,0.34838,0.30618,2137,0.01355,0.22771,0.55441,3909,0.02669,0.19276,0.46853,3276,0.02001,0.34429,0.43309,3082,0.01445,0.80105,0.50221,3655,0.00248,0.09981,0.48971,3476,0.00279,0.1461,0.67441,4741,0.00758,0.11171,0.78235,5577,0.01753,0.46857,0.62897,4460,0.00879,0.15819,0.35971,2537,0.02703,0.28,-1.04,30,0.01597,0.009,0.03813,0.02703,0.15687
264,26.4,0.09533,0.71706,5051,0.01911,0.018,0.53441,3782,0.002,0.13324,0.55118,3899,0.00181,0.07743,0.48971,3474,0.00192,0.08819,0.62088,4420,0.00162,0.51419,0.54824,3939,0.0094,0.26381,0.34353,2443,0.00332,0.0979,0.39265,2741,0.00191,0.10419,0.68015,4841,0.0021,0.2139,0.63765,4538,0.00277,0.12733,0.67324,4739,0.00225,0.2759,0.49103,3494,0.00303,0.34648,0.30794,2137,0.01355,0.22267,0.55441,3909,0.02669,0.1881,0.46824,3275,0.03484,0.34143,0.43515,3081,0.01977,0.8,0.5025,3655,0.00248,0.0961,0.49456,3476,0.00279,0.1421,0.67044,4740,0.07495,0.10505,0.78059,5577,0.01753,0.46657,0.62926,4459,0.00796,0.15305,0.36441,2537,0.02703,0.14,-0.99,15,0.01547,0.0094,0.03213,0.07495,0.24306
265,26.5,0.08876,0.72015,5050,0.02807,0.01752,0.53456,3782,0.002,0.12886,0.55191,3899,0.00181,0.074,0.49162,3473,0.00163,0.08352,0.62088,4419,0.00139,0.51267,0.54853,3939,0.0094,0.26048,0.34559,2443,0.00332,0.09514,0.39529,2740,0.00244,0.09962,0.68059,4841,0.0021,0.2099,0.63956,4538,0.00277,0.12333,0.67191,4738,0.00214,0.27152,0.49221,3494,0.00303,0.34457,0.30971,2242,0.01361,0.21771,0.55426,3908,0.01314,0.18343,0.46794,3275,0.03484,0.33867,0.43706,3081,0.01977,0.79886,0.50279,3654,0.00317,0.09229,0.49956,3475,0.00975,0.13819,0.66588,4740,0.07495,0.09838,0.77853,5471,0.03065,0.46467,0.62971,4459,0.00796,0.1479,0.36912,2641,0.16986,0.0,-0.95,1,0.03456,0.0094,0.03203,0.16986,0.41226
266,26.6,0.08152,0.72162,5154,0.00951,0.01705,0.53471,3782,0.002,0.12448,0.55265,3899,0.00181,0.07048,0.49353,3473,0.00163,0.07895,0.62074,4419,0.00139,0.51105,0.54853,3939,0.0094,0.25714,0.3475,2443,0.00332,0.09248,0.39809,2845,0.00253,0.09486,0.68103,4840,0.00334,0.2061,0.64147,4537,0.0028,0.11933,0.67,4738,0.00214,0.26714,0.49324,3494,0.00303,0.34267,0.31132,2241,0.01245,0.21276,0.55426,3908,0.01314,0.17876,0.46779,3274,0.0,0.33581,0.43897,3081,0.01977,0.79781,0.50309,3654,0.00317,0.08838,0.50471,3580,0.29323,0.13419,0.66118,4635,0.16667,0.09181,0.77618,5470,0.05897,0.46276,0.63,4459,0.00796,0.14276,0.37397,2640,0.15887,-0.13,-0.92,1,0.03456,0.0094,0.03339,0.29323,0.76879
267,26.7,0.07524,0.72382,5153,0.07945,0.01667,0.53485,3782,0.002,0.12019,0.55309,3898,0.0023,0.06705,0.49559,3473,0.00163,0.07438,0.62059,4418,0.00136,0.50933,0.54853,3939,0.0094,0.25371,0.34941,2442,0.00437,0.0899,0.40118,2845,0.00253,0.09,0.68147,4840,0.00334,0.20248,0.64368,4537,0.0028,0.11533,0.66765,4738,0.00214,0.26267,0.49412,3493,0.00337,0.34076,0.31309,2241,0.01245,0.2079,0.55426,3907,0.01538,0.17419,0.4675,3274,0.0,0.33305,0.44088,3080,0.0172,0.79667,0.50338,3654,0.00317,0.08448,0.51,3579,0.0,0.13019,0.65618,4634,0.05355,0.08533,0.77368,5469,0.0,0.46095,0.63044,4459,0.00796,0.13752,0.37882,2640,0.15887,-0.27,-0.89,1,0.03456,0.0094,0.03524,0.15887,0.30314
268,26.8,0.06848,0.72544,5153,0.07945,0.01629,0.535,3782,0.002,0.116,0.55353,3898,0.0023,0.06362,0.49779,3472,0.00251,0.0699,0.62044,4418,0.00136,0.50762,0.54838,3939,0.0094,0.25038,0.35132,2442,0.00437,0.08743,0.40456,2845,0.00253,0.08495,0.68206,4839,0.00213,0.19895,0.64588,4536,0.00256,0.11143,0.66471,4737,0.00204,0.25829,0.49515,3493,0.00337,0.33886,0.31471,2241,0.01245,0.20314,0.55426,3907,0.01538,0.16952,0.46735,3273,0.01446,0.33029,0.44279,3185,0.01395,0.79543,0.50368,3654,0.00317,0.08057,0.51529,3684,0.0,0.1261,0.65103,4634,0.05355,0.07886,0.77088,5469,0.0,0.45905,0.63088,4459,0.00796,0.13229,0.38368,2744,0.04244,-0.4,-0.86,1,0.03456,0.0094,0.03457,0.05355,0.19792
269,26.9,0.06219,0.72676,5152,0.0,0.016,0.535,3782,0.002,0.1119,0.55368,3897,0.00258,0.06029,0.49985,3472,0.00251,0.06552,0.62029,4417,0.00139,0.50581,0.54824,3939,0.0094,0.24695,0.35294,2441,0.00279,0.08505,0.40824,2844,0.00149,0.07981,0.6825,4839,0.00213,0.19552,0.64838,4641,0.00326,0.10752,0.66132,4632,0.00216,0.25381,0.49603,3492,0.00362,0.33695,0.31632,2241,0.01245,0.19838,0.55426,3906,0.02206,0.16495,0.46721,3273,0.01446,0.32752,0.44471,3185,0.01395,0.7941,0.50382,3654,0.00317,0.07657,0.52059,3684,0.0,0.122,0.64588,4528,0.00617,0.07248,0.76779,5468,0.02571,0.45724,0.63118,4459,0.00796,0.12705,0.38868,2744,0.04244,-0.54,-0.84,1,0.03456,0.0094,0.03333,0.04244,0.18293
270,27.0,0.05657,0.72765,5151,0.02629,0.01581,0.535,3782,0.002,0.108,0.55382,3897,0.00258,0.05705,0.50176,3576,0.0021,0.06133,0.62015,4417,0.00139,0.504,0.54779,3938,0.00793,0.24352,0.35456,2546,0.00351,0.08267,0.41206,2949,0.00282,0.07467,0.68309,4838,0.00186,0.19229,0.65088,4641,0.00326,0.10371,0.65765,4631,0.00174,0.24933,0.49706,3492,0.00362,0.33505,0.31794,2241,0.01245,0.19371,0.55441,3906,0.02206,0.16029,0.46706,3272,0.01675,0.32476,0.44647,3185,0.01395,0.79276,0.50426,3654,0.00317,0.07276,0.52573,3683,0.15629,0.11781,0.64059,4528,0.00617,0.0661,0.76471,5467,0.0468,0.45543,0.63162,4458,0.00945,0.12181,0.39368,2743,0.20306,-0.67,-0.81,1,0.03456,0.00793,0.03281,0.20306,0.52471
271,27.1,0.05152,0.72662,5151,0.02629,0.01562,0.535,3782,0.002,0.1041,0.55368,3896,0.00211,0.0539,0.50368,3576,0.0021,0.05743,0.61985,4417,0.00139,0.50219,0.5475,3938,0.00793,0.2399,0.35588,2546,0.00351,0.08038,0.41603,2949,0.00282,0.06943,0.68353,4838,0.00186,0.18914,0.65338,4640,0.00262,0.1001,0.65368,4631,0.00174,0.24486,0.49809,3491,0.00328,0.33295,0.31956,2240,0.01281,0.18914,0.55456,3905,0.0,0.15571,0.46691,3272,0.01675,0.3221,0.44838,3184,0.01464,0.79143,0.50456,3654,0.00317,0.06895,0.53073,3788,0.25,0.11371,0.63544,4527,0.01072,0.05981,0.76132,5362,0.00659,0.45362,0.63191,4458,0.00945,0.11648,0.39868,2848,0.35023,-0.81,-0.79,1,0.03456,0.00793,0.03136,0.35023,0.70892
272,27.2,0.04752,0.72162,5150,0.01546,0.01552,0.53485,3782,0.002,0.10038,0.55324,3896,0.00211,0.05095,0.50544,3576,0.0021,0.05381,0.61956,4416,0.00039,0.50038,0.54706,3938,0.00793,0.23638,0.35691,2545,0.00382,0.07819,0.42015,2949,0.00282,0.06419,0.68397,4837,0.00119,0.1861,0.65618,4640,0.00262,0.09667,0.64926,4631,0.00174,0.24029,0.49912,3491,0.00328,0.33095,0.32118,2240,0.01281,0.18476,0.55456,3905,0.0,0.15124,0.46647,3271,0.0,0.31933,0.45015,3184,0.01464,0.7899,0.50515,3653,0.00259,0.06524,0.53544,3787,0.0,0.10962,0.63029,4422,0.08164,0.05352,0.75794,5361,0.00634,0.45181,0.63206,4458,0.00945,0.11124,0.40382,2847,0.05738,-0.95,-0.77,1,0.03456,0.00793,0.03,0.08164,0.21941
273,27.3,0.04419,0.71088,5045,0.02517,0.01543,0.53441,3782,0.002,0.09686,0.55265,3896,0.00211,0.04819,0.50706,3576,0.0021,0.05048,0.61926,4416,0.00039,0.49867,0.54662,3938,0.00793,0.23267,0.35765,2545,0.00382,0.0759,0.42441,2948,0.00197,0.05895,0.68426,4837,0.00119,0.18324,0.65868,4640,0.00262,0.09343,0.64471,4525,0.0017,0.23571,0.5,3595,0.00309,0.32867,0.32265,2240,0.01281,0.18038,0.55471,3904,0.01456,0.14676,0.46603,3271,0.0,0.31667,0.45176,3184,0.01464,0.78838,0.50559,3653,0.00259,0.06181,0.53985,3787,0.0,0.10562,0.62529,4422,0.08164,0.04724,0.75441,5360,0.03381,0.4499,0.63235,4563,0.01279,0.1061,0.40897,2847,0.05738,-1.1,-0.72,1,0.03456,0.00793,0.02892,0.08164,0.26478
274,27.4,0.04162,0.69118,4835,0.00139,0.01533,0.53397,3782,0.002,0.09343,0.55162,3895,0.00171,0.04562,0.50824,3575,0.00212,0.04743,0.61882,4415,0.00066,0.49686,0.54618,3938,0.00793,0.22886,0.35794,2545,0.00382,0.07362,0.42853,3053,0.00156,0.0539,0.68441,4836,0.00109,0.18048,0.66103,4639,0.00287,0.09038,0.64,4525,0.0017,0.23114,0.50103,3595,0.00309,0.32648,0.32412,2345,0.02264,0.17619,0.55471,3904,0.01456,0.14229,0.46515,3270,0.01167,0.3139,0.45338,3183,0.01437,0.78686,0.50632,3653,0.00259,0.05857,0.54397,3787,0.0,0.10162,0.62044,4421,0.0,0.04105,0.75074,5360,0.03381,0.448,0.6325,4563,0.01279,0.10095,0.41397,2951,0.0,-1.25,-0.68,1,0.03456,0.00793,0.02855,0.03456,0.14699
275,27.5,0.04048,0.66853,4730,0.0,0.01533,0.53309,3782,0.002,0.0901,0.55,3895,0.00171,0.04314,0.50926,3575,0.00212,0.04486,0.61824,4415,0.00066,0.49514,0.54574,3937,0.0089,0.22486,0.35794,2544,0.00282,0.07133,0.4325,3053,0.00156,0.04895,0.68441,4836,0.00109,0.17781,0.66324,4744,0.00215,0.08762,0.63515,4525,0.0017,0.22648,0.50191,3594,0.00361,0.32419,0.32544,2345,0.02264,0.172,0.55471,3904,0.01456,0.13781,0.46382,3270,0.01167,0.31124,0.455,3183,0.01437,0.78543,0.50691,3653,0.00259,0.05562,0.5475,3891,0.5,0.09771,0.61559,4316,0.21196,0.03495,0.74706,5254,0.17095,0.4461,0.63265,4562,0.0073,0.0961,0.41882,2951,0.0,-1.4,-0.63,1,0.03456,0.0089,0.02832,0.5,0.9906
276,27.6,0.04048,0.64632,4520,0.0,0.01533,0.53221,3782,0.002,0.08705,0.54809,3895,0.00171,0.04086,0.50985,3575,0.00212,0.04248,0.6175,4310,0.00095,0.49352,0.54529,3937,0.0089,0.22086,0.35765,2544,0.00282,0.06895,0.43647,3053,0.00156,0.04419,0.68412,4835,0.00173,0.17543,0.66515,4744,0.00215,0.08514,0.63015,4419,0.00139,0.22181,0.50265,3594,0.00361,0.32181,0.32677,2344,0.00946,0.1681,0.55456,3903,0.00809,0.13333,0.46206,3269,0.09926,0.30867,0.45647,3288,0.01516,0.7839,0.50765,3653,0.00259,0.05295,0.55074,3891,0.5,0.094,0.61088,4315,0.20615,0.02905,0.74309,5254,0.17095,0.44419,0.63279,4562,0.0073,0.09124,0.42368,2950,0.12951,0.48533,0.49132,3516,0.01071,0.0089,0.02894,0.5,1.15918
277,27.7,0.04067,0.62588,4415,0.0,0.01533,0.53103,3782,0.002,0.0841,0.54559,3894,0.00214,0.03886,0.51,3575,0.00212,0.04048,0.61662,4310,0.00095,0.4919,0.54471,3937,0.0089,0.21676,0.35706,2543,0.00346,0.06667,0.44,3053,0.00156,0.03971,0.68353,4835,0.00173,0.17314,0.66691,4744,0.00215,0.08305,0.62485,4419,0.00139,0.21714,0.50324,3593,0.00259,0.31943,0.32794,2344,0.00946,0.16429,0.55412,3903,0.00809,0.12876,0.45985,3269,0.09926,0.306,0.45779,3288,0.01516,0.78238,0.50824,3653,0.00259,0.05067,0.55368,3891,0.5,0.09038,0.60618,4315,0.20615,0.02333,0.73912,5253,0.06905,0.44219,0.63279,4562,0.0073,0.08657,0.42824,3055,0.16131,0.48381,0.49206,3516,0.01071,0.0089,0.02899,0.5,1.08908
278,27.8,0.04095,0.60588,4310,0.2,0.01524,0.52956,3782,0.002,0.08143,0.5425,3789,0.00203,0.03695,0.50985,3574,0.00191,0.03876,0.61559,4310,0.00095,0.49029,0.54426,3937,0.0089,0.21248,0.35618,2543,0.00346,0.06438,0.44338,3157,0.00283,0.03543,0.68279,4834,0.00075,0.17105,0.66838,4743,0.00175,0.08114,0.61971,4419,0.00139,0.21248,0.50368,3593,0.00259,0.31695,0.32897,2344,0.00946,0.16057,0.55353,3902,0.03714,0.12429,0.45706,3269,0.09926,0.30343,0.45912,3287,0.01468,0.78095,0.50868,3652,0.00361,0.04867,0.55632,3891,0.5,0.08686,0.60147,4210,0.35554,0.0179,0.73485,5147,0.00876,0.44019,0.63265,4562,0.0073,0.0821,0.4325,3054,0.02521,0.48229,0.49279,3516,0.01071,0.0089,0.02856,0.5,1.07167
279,27.9,0.04095,0.58603,4100,0.33333,0.01524,0.52794,3677,0.0,0.07886,0.53912,3789,0.00203,0.03514,0.50912,3574,0.00191,0.03733,0.61412,4309,0.00181,0.48876,0.54382,3832,0.00896,0.20819,0.355,2542,0.00255,0.06219,0.44647,3157,0.00283,0.03143,0.68162,4834,0.00075,0.16905,0.66956,4743,0.00175,0.07943,0.61441,4314,0.0033,0.20781,0.50382,3592,0.00317,0.31438,0.33,2344,0.00946,0.15714,0.55265,3902,0.03714,0.11981,0.45382,3163,0.0,0.30076,0.46015,3287,0.01468,0.77952,0.50912,3652,0.00361,0.04695,0.55853,3890,0.09524,0.08352,0.59676,4209,0.0,0.01267,0.73029,5147,0.00876,0.43819,0.6325,4562,0.0073,0.0779,0.43632,3054,0.02521,0.48086,0.49353,3516,0.01071,0.00896,0.02906,0.09524,0.21211
280,28.0,0.04105,0.56676,3995,0.33333,0.01514,0.52618,3677,0.0,0.07648,0.53515,3789,0.00203,0.03352,0.50809,3574,0.00191,0.036,0.61235,4309,0.00181,0.48724,0.54338,3832,0.00896,0.20371,0.35353,2542,0.00255,0.06,0.44912,3157,0.00283,0.02781,0.68015,4833,0.00115,0.16714,0.67059,4743,0.00175,0.0781,0.60912,4314,0.0033,0.20314,0.50368,3592,0.00317,0.31181,0.33088,2343,0.02146,0.15381,0.55147,3902,0.03714,0.11533,0.45015,3163,0.0,0.29819,0.46118,3287,0.01468,0.7781,0.50941,3652,0.00361,0.04562,0.56044,3995,0.33333,0.08029,0.59206,4209,0.0,0.00743,0.72603,5146,0.0,0.43619,0.63235,4561,0.00952,0.0739,0.43971,3053,0.0,0.47914,0.49426,3516,0.01071,0.00896,0.02946,0.33333,0.43045
281,28.1,0.04152,0.54824,3890,0.09524,0.01514,0.52397,3677,0.0,0.07419,0.53073,3788,0.00228,0.0321,0.50662,3574,0.00191,0.03495,0.61044,4309,0.00181,0.48581,0.54279,3832,0.00896,0.19914,0.35206,2436,0.00594,0.058,0.45147,3157,0.00283,0.02438,0.67838,4833,0.00115,0.16533,0.67147,4743,0.00175,0.07695,0.60368,4314,0.0033,0.19867,0.50324,3591,0.00248,0.30914,0.33162,2343,0.02146,0.15067,0.55,3901,0.04741,0.11086,0.44618,3162,0.13458,0.29562,0.46191,3287,0.01468,0.77676,0.50956,3652,0.00361,0.04457,0.56206,3995,0.33333,0.07724,0.58735,4104,0.38549,0.00248,0.72176,5146,0.0,0.43429,0.63206,4456,0.01068,0.07019,0.44279,3158,0.16667,0.47752,0.49456,3516,0.01071,0.00896,0.03241,0.38549,1.12862
282,28.2,0.04229,0.53088,3785,0.33333,0.01505,0.52132,3677,0.0,0.07219,0.52588,3683,0.0021,0.03076,0.50485,3574,0.00191,0.034,0.60809,4309,0.00181,0.48438,0.54221,3831,0.00628,0.19448,0.35044,2436,0.00594,0.05619,0.45324,3156,0.00294,0.02133,0.67632,4728,0.00157,0.16381,0.67221,4743,0.00175,0.07619,0.59823,4208,0.00197,0.19419,0.5025,3591,0.00248,0.30638,0.33206,2343,0.02146,0.14771,0.54809,3901,0.04741,0.10648,0.44191,3162,0.13458,0.29295,0.4625,3286,0.01597,0.77533,0.50956,3652,0.00361,0.04381,0.56353,3995,0.33333,0.07438,0.58265,4103,0.0,-0.00238,0.71779,5041,0.0,0.43229,0.63176,4456,0.01068,0.06686,0.44515,3158,0.16667,0.47571,0.495,3515,0.00908,0.00628,0.02875,0.33333,0.74279
283,28.3,0.04305,0.51426,3575,0.33333,0.01514,0.51897,3677,0.0,0.07038,0.52088,3683,0.0021,0.02952,0.50265,3574,0.00191,0.03314,0.60559,4309,0.00181,0.48286,0.54177,3831,0.00628,0.18962,0.34868,2435,0.00264,0.05448,0.45485,3156,0.00294,0.01867,0.67397,4727,0.0,0.16229,0.67294,4743,0.00175,0.07562,0.59265,4208,0.00197,0.1899,0.50162,3590,0.00552,0.30343,0.3325,2342,0.01685,0.14514,0.54588,3901,0.04741,0.1021,0.4375,3056,0.16402,0.29029,0.46294,3286,0.01597,0.7741,0.50941,3652,0.00361,0.04333,0.56485,3995,0.33333,0.07162,0.57794,4103,0.0,-0.00695,0.71397,5041,0.0,0.43019,0.63132,4456,0.01068,0.064,0.44721,3157,0.0,0.474,0.49515,3515,0.00908,0.00628,0.02692,0.33333,0.60095
284,28.4,0.044,0.4975,3470,0.0,0.01533,0.51662,3677,0.0,0.06886,0.51544,3683,0.0021,0.02857,0.50015,3573,0.00219,0.03248,0.60294,4204,0.00166,0.48133,0.54118,3831,0.00628,0.18467,0.34691,2435,0.00264,0.05295,0.45588,3156,0.00294,0.01638,0.67147,4727,0.0,0.16095,0.67353,4742,0.00205,0.07533,0.58721,4103,0.00179,0.18571,0.50029,3590,0.00552,0.30048,0.33265,2342,0.01685,0.14267,0.54324,3795,0.01449,0.09781,0.43309,3056,0.16402,0.28762,0.46309,3286,0.01597,0.77286,0.50941,3652,0.00361,0.04314,0.56574,3995,0.33333,0.06905,0.57309,3998,0.36942,-0.01133,0.71015,5041,0.0,0.4281,0.63088,4455,0.01215,0.06143,0.44853,3157,0.0,0.47229,0.49515,3515,0.00908,0.00628,0.02717,0.36942,0.93892
285,28.5,0.04505,0.48059,3365,0.42857,0.01552,0.51382,3572,0.00202,0.06752,0.51,3578,0.00186,0.02762,0.49735,3468,0.00147,0.03171,0.6,4204,0.00166,0.47981,0.54044,3831,0.00628,0.17971,0.34515,2434,0.0023,0.05171,0.45662,3261,0.00183,0.01448,0.66868,4727,0.0,0.15962,0.67397,4742,0.00205,0.07533,0.58162,4103,0.00179,0.18171,0.49882,3485,0.00159,0.29743,0.33265,2342,0.01685,0.14048,0.54029,3795,0.01449,0.09362,0.42868,3055,0.16131,0.28505,0.46309,3285,0.01726,0.77171,0.50926,3652,0.00361,0.04305,0.56647,3995,0.33333,0.06657,0.56838,3997,0.5,-0.01533,0.70647,5041,0.0,0.4259,0.63015,4455,0.01215,0.05943,0.44956,3157,0.0,0.47076,0.49515,3515,0.00908,0.00628,0.02285,0.5,1.06808
286,28.6,0.04581,0.46412,3260,0.33333,0.01571,0.51044,3572,0.00202,0.06638,0.50426,3577,0.00255,0.02686,0.49441,3468,0.00147,0.03105,0.59691,4204,0.00166,0.47829,0.53985,3831,0.00628,0.17457,0.34324,2434,0.0023,0.05057,0.45706,3261,0.00183,0.01305,0.66559,4727,0.0,0.15838,0.67426,4742,0.00205,0.07543,0.57603,4103,0.00179,0.1779,0.49706,3484,0.0036,0.29419,0.33265,2341,0.01358,0.13848,0.53706,3795,0.01449,0.08952,0.42441,2950,0.12951,0.28229,0.46294,3285,0.01726,0.77067,0.50912,3651,0.00309,0.04324,0.56676,3995,0.33333,0.0641,0.56368,3997,0.5,-0.01914,0.70309,4936,0.0,0.42362,0.62941,4455,0.01215,0.05771,0.45,3157,0.0,0.46914,0.49485,3515,0.00908,0.00628,0.02555,0.5,1.03249
287,28.7,0.04676,0.44765,3155,0.25,0.016,0.50632,3572,0.00202,0.06543,0.49868,3472,0.00251,0.0261,0.49118,3468,0.00147,0.03038,0.59368,4204,0.00166,0.47676,0.53912,3831,0.00628,0.16943,0.34132,2433,0.00267,0.04962,0.45706,3261,0.00183,0.012,0.66235,4727,0.0,0.15714,0.67441,4742,0.00205,0.07571,0.57059,3998,0.00213,0.17419,0.495,3484,0.0036,0.29086,0.33235,2341,0.01358,0.13657,0.53353,3795,0.01449,0.08524,0.42015,2949,0.0,0.27962,0.4625,3285,0.01726,0.76952,0.50897,3651,0.00309,0.04352,0.56691,3995,0.33333,0.06181,0.55897,3997,0.5,-0.02276,0.69956,4936,0.0,0.42114,0.62853,4455,0.01215,0.05648,0.45029,3156,0.0,0.46762,0.49456,3515,0.00908,0.00628,0.02622,0.5,0.90298
288,28.8,0.04724,0.43206,3050,0.21429,0.01619,0.50147,3572,0.00202,0.06467,0.49294,3472,0.00251,0.02543,0.48794,3468,0.00147,0.02952,0.59044,4204,0.00166,0.47514,0.53838,3830,0.00781,0.16429,0.33941,2433,0.00267,0.04876,0.45676,3261,0.00183,0.01124,0.65897,4622,0.00395,0.156,0.67426,4742,0.00205,0.0761,0.565,3998,0.00213,0.17067,0.49279,3483,0.00237,0.28743,0.33191,2341,0.01358,0.13476,0.52985,3795,0.01449,0.08105,0.41603,2949,0.0,0.27676,0.46206,3285,0.01726,0.76829,0.50868,3651,0.00309,0.0439,0.56662,3995,0.33333,0.05943,0.55426,3892,0.0,-0.0261,0.69618,4936,0.0,0.41867,0.62765,4454,0.0104,0.05543,0.45015,3156,0.0,0.46619,0.49412,3514,0.00747,0.00781,0.03047,0.33333,0.39962
289,28.9,0.04848,0.42103,2946,0.44444,0.01629,0.49603,3467,0.00069,0.064,0.4875,3472,0.00251,0.02467,0.48456,3363,0.00149,0.02876,0.58706,4099,0.00123,0.47352,0.53765,3830,0.00781,0.15914,0.3375,2327,0.00275,0.0481,0.45618,3261,0.00183,0.01086,0.65559,4622,0.00395,0.15476,0.67412,4742,0.00205,0.07638,0.55956,3999,0.00287,0.16724,0.49059,3483,0.00237,0.284,0.33147,2340,0.03929,0.13314,0.52588,3689,0.0659,0.07686,0.41191,2949,0.0,0.2739,0.46147,3284,0.03203,0.76714,0.50853,3651,0.00309,0.04429,0.56618,3995,0.33333,0.05714,0.54956,3892,0.0,-0.02914,0.69265,4936,0.0,0.4161,0.62662,4454,0.0104,0.05467,0.45,3156,0.0,0.46476,0.49353,3514,0.00747,0.00781,0.02955,0.33333,0.49151
290,29.0,0.04724,0.41309,2945,0.5,0.01629,0.48985,3467,0.00069,0.06352,0.48221,3367,0.00237,0.0239,0.48132,3363,0.00149,0.02781,0.58353,4098,0.00088,0.4719,0.53677,3830,0.00781,0.1541,0.33544,2327,0.00275,0.04743,0.45529,3155,0.00159,0.01076,0.65206,4622,0.00395,0.15371,0.67368,4742,0.00205,0.07676,0.55412,3894,0.00214,0.164,0.48824,3483,0.00237,0.28048,0.33088,2340,0.03929,0.13162,0.52206,3689,0.0659,0.07267,0.40809,2843,0.50806,0.27105,0.46074,3284,0.03203,0.7661,0.50824,3651,0.00309,0.04467,0.56544,3995,0.33333,0.05495,0.54485,3891,0.5,-0.032,0.68897,4831,0.0,0.41362,0.62529,4454,0.0104,0.0541,0.44956,3156,0.0,0.46333,0.4925,3514,0.00747,0.00781,0.02809,0.50806,1.49957
291,29.1,0.046,0.41015,2840,0.0,0.01619,0.48338,3362,0.00148,0.06314,0.47735,3367,0.00237,0.02305,0.47809,3363,0.00149,0.02686,0.58015,4098,0.00088,0.47029,0.53588,3830,0.00781,0.14905,0.33353,2326,0.00217,0.04676,0.45412,3155,0.00159,0.01095,0.64853,4622,0.00395,0.15257,0.67294,4742,0.00205,0.07695,0.54882,3894,0.00214,0.16086,0.48574,3482,0.00284,0.27686,0.33015,2340,0.03929,0.13009,0.51809,3689,0.0659,0.06848,0.40412,2843,0.50806,0.2681,0.46,3284,0.03203,0.76505,0.50794,3651,0.00309,0.04495,0.56441,3995,0.33333,0.05276,0.54015,3786,0.33333,-0.03448,0.68529,4831,0.0,0.41124,0.62412,4454,0.0104,0.05362,0.44912,3156,0.0,0.4621,0.49132,3514,0.00747,0.00781,0.02877,0.50806,1.3329
292,29.2,0.044,0.40868,2840,0.0,0.016,0.47647,3362,0.00148,0.06286,0.47279,3367,0.00237,0.022,0.475,3363,0.00149,0.0259,0.57676,4098,0.00088,0.46867,0.53485,3830,0.00781,0.14429,0.33162,2326,0.00217,0.04619,0.45294,3155,0.00159,0.01124,0.64515,4517,0.0011,0.15162,0.67221,4741,0.00237,0.07714,0.54382,3789,0.00203,0.1579,0.48324,3377,0.00257,0.27324,0.32941,2339,0.01116,0.12848,0.51412,3584,0.00498,0.06438,0.40029,2842,0.0,0.26514,0.45897,3283,0.01185,0.76419,0.50765,3651,0.00309,0.04524,0.56309,3995,0.33333,0.05048,0.53529,3786,0.33333,-0.03667,0.68147,4831,0.0,0.40905,0.62265,4453,0.0086,0.05324,0.44838,3156,0.0,0.46076,0.49,3514,0.00747,0.00781,0.02586,0.33333,0.71381
293,29.3,0.04048,0.40515,2840,0.0,0.01571,0.46956,3257,0.00134,0.06267,0.46853,3262,0.00226,0.02095,0.47206,3363,0.00149,0.02495,0.57338,3993,0.00135,0.46714,0.53397,3830,0.00781,0.13962,0.32956,2325,0.00197,0.04562,0.45162,3155,0.00159,0.01171,0.64191,4517,0.0011,0.15057,0.67147,4741,0.00237,0.07714,0.53912,3789,0.00203,0.15514,0.48059,3377,0.00257,0.26962,0.32853,2339,0.01116,0.12676,0.51015,3584,0.00498,0.06048,0.39632,2737,0.01257,0.2621,0.45809,3283,0.01185,0.76324,0.5075,3651,0.00309,0.04552,0.56147,3995,0.33333,0.04829,0.53044,3786,0.33333,-0.03867,0.6775,4831,0.0,0.40686,0.62132,4453,0.0086,0.05295,0.44779,3156,0.0,0.45952,0.48868,3514,0.00747,0.00781,0.02588,0.33333,0.72638
294,29.4,0.03695,0.40029,2839,0.25,0.01543,0.46294,3257,0.00134,0.06238,0.46456,3262,0.00226,0.0199,0.46956,3258,0.00169,0.024,0.57015,3993,0.00135,0.46562,0.53294,3829,0.00685,0.13505,0.32735,2325,0.00197,0.04505,0.45015,3155,0.00159,0.01219,0.63868,4517,0.0011,0.14971,0.67059,4741,0.00237,0.07705,0.53456,3789,0.00203,0.15257,0.47809,3377,0.00257,0.2659,0.32765,2338,0.01519,0.12505,0.50647,3584,0.00498,0.05657,0.39206,2736,0.33333,0.25914,0.45691,3283,0.01185,0.76248,0.50721,3651,0.00309,0.04562,0.55985,3995,0.33333,0.0461,0.52515,3680,1.0,-0.04067,0.67397,4726,0.0,0.40486,0.62,4453,0.0086,0.05257,0.44691,3156,0.0,0.45819,0.48735,3514,0.00747,0.00685,0.02512,1.0,1.71784
295,29.5,0.0341,0.39618,2734,0.25,0.01505,0.45647,3257,0.00134,0.0621,0.46103,3262,0.00226,0.01886,0.4675,3257,0.00134,0.02314,0.56706,3993,0.00135,0.46419,0.53191,3829,0.00685,0.13067,0.32529,2324,0.00272,0.04457,0.44868,3155,0.00159,0.01286,0.63559,4517,0.0011,0.14905,0.66985,4741,0.00237,0.07695,0.53,3789,0.00203,0.15029,0.47559,3376,0.00212,0.26229,0.32662,2338,0.01519,0.12314,0.5025,3583,0.02056,0.05286,0.38765,2736,0.33333,0.25619,0.45559,3177,0.01143,0.76171,0.50676,3650,0.00366,0.04581,0.55794,3890,0.09524,0.0441,0.51985,3680,1.0,-0.04238,0.67059,4726,0.0,0.40286,0.61853,4453,0.0086,0.05229,0.44603,3156,0.0,0.45686,0.48574,3513,0.01023,0.00685,0.02507,1.0,1.49824
296,29.6,0.03181,0.39426,2734,0.25,0.01476,0.45059,3152,0.00151,0.0619,0.45794,3262,0.00226,0.0179,0.46574,3257,0.00134,0.02248,0.56426,3993,0.00135,0.46276,0.53088,3829,0.00685,0.12648,0.32324,2219,0.00206,0.04419,0.44735,3155,0.00159,0.01362,0.63279,4517,0.0011,0.14829,0.66897,4741,0.00237,0.07676,0.52573,3684,0.00248,0.14819,0.47324,3376,0.00212,0.25857,0.32574,2338,0.01519,0.12124,0.49882,3478,0.0,0.04943,0.38294,2736,0.33333,0.25324,0.45412,3177,0.01143,0.76124,0.50632,3650,0.00366,0.046,0.55618,3890,0.09524,0.0421,0.51412,3575,0.33333,-0.0439,0.66735,4726,0.0,0.40076,0.61706,4348,0.01272,0.0521,0.44485,3156,0.0,0.45543,0.48426,3408,0.01037,0.00685,0.02503,0.33333,0.81527
297,29.7,0.02914,0.39588,2734,0.25,0.01448,0.44603,3152,0.00151,0.06171,0.45515,3157,0.00283,0.01705,0.46441,3257,0.00134,0.022,0.56147,3993,0.00135,0.46124,0.52985,3829,0.00685,0.12248,0.32118,2218,0.00217,0.0439,0.44618,3155,0.00159,0.01448,0.63029,4412,0.00154,0.14781,0.66824,4741,0.00237,0.07667,0.52176,3684,0.00248,0.14638,0.47103,3376,0.00212,0.25495,0.32471,2337,0.01159,0.11924,0.495,3478,0.0,0.0461,0.37809,2630,0.0,0.25038,0.4525,3177,0.01143,0.76086,0.50588,3650,0.00366,0.04619,0.55426,3890,0.09524,0.04029,0.50809,3575,0.33333,-0.04514,0.66426,4726,0.0,0.39876,0.61544,4347,0.01195,0.0519,0.44338,3156,0.0,0.45429,0.48279,3408,0.01037,0.00685,0.02615,0.33333,0.47757
298,29.8,0.02476,0.39912,2838,0.0625,0.01419,0.44206,3152,0.00151,0.06152,0.45265,3157,0.00283,0.01619,0.46353,3257,0.00134,0.02162,0.55897,3993,0.00135,0.4599,0.52882,3724,0.00741,0.11867,0.31912,2218,0.00217,0.04381,0.44515,3155,0.00159,0.01543,0.62794,4412,0.00154,0.14733,0.66735,4741,0.00237,0.07657,0.51794,3684,0.00248,0.14486,0.46897,3271,0.00317,0.25133,0.32353,2232,0.01306,0.11724,0.49147,3478,0.0,0.04305,0.37294,2630,0.0,0.24762,0.45074,3176,0.01089,0.76057,0.50544,3650,0.00366,0.04648,0.55235,3890,0.09524,0.03867,0.50191,3575,0.33333,-0.04619,0.66132,4621,0.0,0.39695,0.61382,4347,0.01195,0.05171,0.44162,3156,0.0,0.45324,0.48162,3408,0.01037,0.00741,0.02776,0.33333,0.4785
299,29.9,0.01819,0.39956,2837,0.00482,0.0139,0.43853,3047,0.00172,0.06133,0.45029,3157,0.00283,0.01543,0.46309,3257,0.00134,0.02133,0.55647,3888,0.00132,0.45867,0.52765,3724,0.00741,0.11505,0.31706,2218,0.00217,0.04371,0.44426,3155,0.00159,0.01648,0.62588,4412,0.00154,0.14705,0.66662,4741,0.00237,0.07648,0.51426,3579,0.00203,0.14352,0.46706,3271,0.00317,0.24781,0.32235,2232,0.01306,0.11514,0.48779,3478,0.0,0.0401,0.36735,2525,0.0,0.24495,0.44882,3176,0.01089,0.76019,0.50485,3650,0.00366,0.04667,0.55029,3890,0.09524,0.03724,0.49529,3469,0.4,-0.04724,0.65868,4621,0.0,0.39505,0.61221,4347,0.01195,0.05162,0.43956,3051,0.16806,0.45219,0.48044,3408,0.01037,0.00741,0.02749,0.4,0.71323
300,30.0,0.01162,0.39574,2732,0.0,0.01352,0.43529,3047,0.00172,0.06114,0.44824,3157,0.00283,0.01467,0.46294,3257,0.00134,0.02105,0.55426,3888,0.00132,0.45733,0.52662,3724,0.00741,0.11171,0.31515,2217,0.00237,0.04371,0.44353,3155,0.00159,0.01743,0.62368,4412,0.00154,0.14676,0.66574,4741,0.00237,0.07648,0.51059,3579,0.00203,0.14238,0.46515,3270,0.00272,0.24419,0.32088,2231,0.02229,0.11314,0.48412,3372,0.05326,0.03733,0.36147,2524,0.0625,0.24219,0.44662,3176,0.01089,0.75971,0.50426,3650,0.00366,0.04695,0.54809,3890,0.09524,0.03581,0.48838,3469,0.4,-0.0481,0.65632,4621,0.0,0.39314,0.61059,4347,0.01195,0.05143,0.43691,3051,0.16806,0.45105,0.47912,3408,0.01037,0.00741,0.02724,0.4,0.83822
